0 verbose cli /data/data/com.termux/files/usr/bin/node /data/data/com.termux/files/usr/bin/npm
1 info using npm@11.17.0
2 info using node@v26.3.1
3 silly config load:file:/data/data/com.termux/files/usr/lib/node_modules/npm/npmrc
4 silly config load:file:/data/data/com.termux/files/home/.npmrc
5 silly config load:file:/data/data/com.termux/files/usr/etc/npmrc
6 verbose title npm install @bubblewrap/cli
7 verbose argv "install" "--global" "@bubblewrap/cli"
8 verbose logfile logs-max:10 dir:/data/data/com.termux/files/home/.npm/_logs/2026-08-26T19_34_37_607Z-
9 verbose logfile /data/data/com.termux/files/home/.npm/_logs/2026-08-26T19_34_37_607Z-debug-0.log
10 silly packumentCache heap:1069809664 maxSize:267452416 maxEntrySize:133726208
11 silly logfile done cleaning log files
12 silly idealTree buildDeps
13 silly fetch manifest @bubblewrap/cli@*
14 silly packumentCache full:https://registry.npmjs.org/@bubblewrap%2fcli cache-miss
15 http fetch GET 200 https://registry.npmjs.org/@bubblewrap%2fcli 3485ms (cache miss)
16 silly packumentCache full:https://registry.npmjs.org/@bubblewrap%2fcli set size:undefined disposed:false
17 silly placeDep ROOT @bubblewrap/cli@1.25.0 OK for:  want: *
18 silly fetch manifest @bubblewrap/core@^1.25.0
19 silly packumentCache full:https://registry.npmjs.org/@bubblewrap%2fcore cache-miss
20 silly fetch manifest @bubblewrap/validator@^1.25.0
21 silly packumentCache full:https://registry.npmjs.org/@bubblewrap%2fvalidator cache-miss
22 silly fetch manifest @types/cli-progress@^3.7.0
23 silly packumentCache full:https://registry.npmjs.org/@types%2fcli-progress cache-miss
24 silly fetch manifest @types/color@^3.0.0
25 silly packumentCache full:https://registry.npmjs.org/@types%2fcolor cache-miss
26 silly fetch manifest @types/inquirer@^8.2.6
27 silly packumentCache full:https://registry.npmjs.org/@types%2finquirer cache-miss
28 silly fetch manifest @types/mime-types@^2.1.0
29 silly packumentCache full:https://registry.npmjs.org/@types%2fmime-types cache-miss
30 silly fetch manifest @types/minimist@^1.2.0
31 silly packumentCache full:https://registry.npmjs.org/@types%2fminimist cache-miss
32 http fetch GET 200 https://registry.npmjs.org/@types%2fminimist 1105ms (cache miss)
33 silly packumentCache full:https://registry.npmjs.org/@types%2fminimist set size:undefined disposed:false
34 silly fetch manifest @types/semver@^7.3.1
35 silly packumentCache full:https://registry.npmjs.org/@types%2fsemver cache-miss
36 http fetch GET 200 https://registry.npmjs.org/@types%2fcolor 1148ms (cache miss)
37 silly packumentCache full:https://registry.npmjs.org/@types%2fcolor set size:undefined disposed:false
38 silly fetch manifest @types/valid-url@^1.0.3
39 silly packumentCache full:https://registry.npmjs.org/@types%2fvalid-url cache-miss
40 http fetch GET 200 https://registry.npmjs.org/@bubblewrap%2fvalidator 1207ms (cache miss)
41 silly packumentCache full:https://registry.npmjs.org/@bubblewrap%2fvalidator set size:undefined disposed:false
42 silly fetch manifest cli-progress@^3.8.2
43 silly packumentCache full:https://registry.npmjs.org/cli-progress cache-miss
44 http fetch GET 200 https://registry.npmjs.org/@types%2fmime-types 1268ms (cache miss)
45 silly packumentCache full:https://registry.npmjs.org/@types%2fmime-types set size:undefined disposed:false
46 silly fetch manifest color@^3.1.2
47 silly packumentCache full:https://registry.npmjs.org/color cache-miss
48 http fetch GET 200 https://registry.npmjs.org/cli-progress 197ms (cache miss)
49 silly packumentCache full:https://registry.npmjs.org/cli-progress set size:undefined disposed:false
50 silly fetch manifest colors@1.4.0
51 silly packumentCache full:https://registry.npmjs.org/colors cache-miss
52 http fetch GET 200 https://registry.npmjs.org/@bubblewrap%2fcore 1533ms (cache miss)
53 silly packumentCache full:https://registry.npmjs.org/@bubblewrap%2fcore set size:undefined disposed:false
54 silly fetch manifest inquirer@^8.2.6
55 silly packumentCache full:https://registry.npmjs.org/inquirer cache-miss
56 http fetch GET 200 https://registry.npmjs.org/@types%2fcli-progress 1542ms (cache miss)
57 silly packumentCache full:https://registry.npmjs.org/@types%2fcli-progress set size:undefined disposed:false
58 silly fetch manifest mime-types@^2.1.27
59 silly packumentCache full:https://registry.npmjs.org/mime-types cache-miss
60 http fetch GET 200 https://registry.npmjs.org/@types%2finquirer 1600ms (cache miss)
61 silly packumentCache full:https://registry.npmjs.org/@types%2finquirer set size:undefined disposed:false
62 silly fetch manifest minimist@^1.2.2
63 silly packumentCache full:https://registry.npmjs.org/minimist cache-miss
64 http fetch GET 200 https://registry.npmjs.org/@types%2fsemver 556ms (cache miss)
65 silly packumentCache full:https://registry.npmjs.org/@types%2fsemver set size:undefined disposed:false
66 silly fetch manifest semver@^7.3.2
67 silly packumentCache full:https://registry.npmjs.org/semver cache-miss
68 http fetch GET 200 https://registry.npmjs.org/minimist 304ms (cache revalidated)
69 silly packumentCache full:https://registry.npmjs.org/minimist set size:77063 disposed:false
70 silly fetch manifest valid-url@^1.0.9
71 silly packumentCache full:https://registry.npmjs.org/valid-url cache-miss
72 http fetch GET 200 https://registry.npmjs.org/@types%2fvalid-url 1196ms (cache miss)
73 silly packumentCache full:https://registry.npmjs.org/@types%2fvalid-url set size:undefined disposed:false
74 http fetch GET 200 https://registry.npmjs.org/inquirer 982ms (cache miss)
75 silly packumentCache full:https://registry.npmjs.org/inquirer set size:undefined disposed:false
76 http fetch GET 200 https://registry.npmjs.org/valid-url 633ms (cache miss)
77 silly packumentCache full:https://registry.npmjs.org/valid-url set size:undefined disposed:false
78 http fetch GET 200 https://registry.npmjs.org/color 1346ms (cache miss)
79 silly packumentCache full:https://registry.npmjs.org/color set size:undefined disposed:false
80 http fetch GET 200 https://registry.npmjs.org/semver 962ms (cache miss)
81 silly packumentCache full:https://registry.npmjs.org/semver set size:undefined disposed:false
82 http fetch GET 200 https://registry.npmjs.org/mime-types 1149ms (cache miss)
83 silly packumentCache full:https://registry.npmjs.org/mime-types set size:undefined disposed:false
84 http fetch GET 200 https://registry.npmjs.org/colors 1944ms (cache miss)
85 silly packumentCache full:https://registry.npmjs.org/colors set size:undefined disposed:false
86 silly placeDep node_modules/@bubblewrap/cli @bubblewrap/core@1.25.0 OK for: @bubblewrap/cli@1.25.0 want: ^1.25.0
87 silly placeDep node_modules/@bubblewrap/cli @bubblewrap/validator@1.25.0 OK for: @bubblewrap/cli@1.25.0 want: ^1.25.0
88 silly placeDep node_modules/@bubblewrap/cli @types/cli-progress@3.11.6 OK for: @bubblewrap/cli@1.25.0 want: ^3.7.0
89 silly placeDep node_modules/@bubblewrap/cli @types/color@3.0.7 OK for: @bubblewrap/cli@1.25.0 want: ^3.0.0
90 silly placeDep node_modules/@bubblewrap/cli @types/inquirer@8.2.13 OK for: @bubblewrap/cli@1.25.0 want: ^8.2.6
91 silly placeDep node_modules/@bubblewrap/cli @types/mime-types@2.1.4 OK for: @bubblewrap/cli@1.25.0 want: ^2.1.0
92 silly placeDep node_modules/@bubblewrap/cli @types/minimist@1.2.5 OK for: @bubblewrap/cli@1.25.0 want: ^1.2.0
93 silly placeDep node_modules/@bubblewrap/cli @types/semver@7.8.0 OK for: @bubblewrap/cli@1.25.0 want: ^7.3.1
94 silly placeDep node_modules/@bubblewrap/cli @types/valid-url@1.0.7 OK for: @bubblewrap/cli@1.25.0 want: ^1.0.3
95 silly placeDep node_modules/@bubblewrap/cli cli-progress@3.12.0 OK for: @bubblewrap/cli@1.25.0 want: ^3.8.2
96 silly placeDep node_modules/@bubblewrap/cli color@3.2.1 OK for: @bubblewrap/cli@1.25.0 want: ^3.1.2
97 silly placeDep node_modules/@bubblewrap/cli colors@1.4.0 OK for: @bubblewrap/cli@1.25.0 want: 1.4.0
98 silly placeDep node_modules/@bubblewrap/cli inquirer@8.2.7 OK for: @bubblewrap/cli@1.25.0 want: ^8.2.6
99 silly placeDep node_modules/@bubblewrap/cli mime-types@2.1.35 OK for: @bubblewrap/cli@1.25.0 want: ^2.1.27
100 silly placeDep node_modules/@bubblewrap/cli minimist@1.2.8 OK for: @bubblewrap/cli@1.25.0 want: ^1.2.2
101 silly placeDep node_modules/@bubblewrap/cli semver@7.8.5 OK for: @bubblewrap/cli@1.25.0 want: ^7.3.2
102 silly placeDep node_modules/@bubblewrap/cli valid-url@1.0.9 OK for: @bubblewrap/cli@1.25.0 want: ^1.0.9
103 silly fetch manifest @resvg/resvg-js@^2.2.0
104 silly packumentCache full:https://registry.npmjs.org/@resvg%2fresvg-js cache-miss
105 silly fetch manifest @types/extract-zip@^1.6.2
106 silly packumentCache full:https://registry.npmjs.org/@types%2fextract-zip cache-miss
107 silly fetch manifest @types/gapi.client.androidpublisher@^3.0.0
108 silly packumentCache full:https://registry.npmjs.org/@types%2fgapi.client.androidpublisher cache-miss
109 silly fetch manifest @types/inquirer@^9.0.7
110 silly packumentCache full:https://registry.npmjs.org/@types%2finquirer cache-miss
111 silly fetch manifest @types/lodash@^4.17.14
112 silly packumentCache full:https://registry.npmjs.org/@types%2flodash cache-miss
113 silly fetch manifest @types/node@^18.11.0
114 silly packumentCache full:https://registry.npmjs.org/@types%2fnode cache-miss
115 silly fetch manifest @types/node-fetch@^2.5.10
116 silly packumentCache full:https://registry.npmjs.org/@types%2fnode-fetch cache-miss
117 http cache https://registry.npmjs.org/@types%2finquirer 55ms (cache hit)
118 silly packumentCache full:https://registry.npmjs.org/@types%2finquirer set size:150718 disposed:false
119 silly fetch manifest canvg@4.0.3
120 silly packumentCache full:https://registry.npmjs.org/canvg cache-miss
121 http fetch GET 200 https://registry.npmjs.org/@types%2fnode-fetch 1133ms (cache miss)
122 silly packumentCache full:https://registry.npmjs.org/@types%2fnode-fetch set size:undefined disposed:false
123 silly fetch manifest color@^3.1.3
124 silly packumentCache full:https://registry.npmjs.org/color cache-miss
125 http cache https://registry.npmjs.org/color 26ms (cache hit)
126 silly packumentCache full:https://registry.npmjs.org/color set size:98234 disposed:false
127 silly fetch manifest extract-zip@^1.7.0
128 silly packumentCache full:https://registry.npmjs.org/extract-zip cache-miss
129 http fetch GET 200 https://registry.npmjs.org/canvg 1321ms (cache miss)
130 silly packumentCache full:https://registry.npmjs.org/canvg set size:undefined disposed:false
131 silly fetch manifest fetch-h2@^2.5.1
132 silly packumentCache full:https://registry.npmjs.org/fetch-h2 cache-miss
133 http fetch GET 200 https://registry.npmjs.org/@types%2fextract-zip 1446ms (cache miss)
134 silly packumentCache full:https://registry.npmjs.org/@types%2fextract-zip set size:undefined disposed:false
135 silly fetch manifest googleapis@^81.0.0
136 silly packumentCache full:https://registry.npmjs.org/googleapis cache-miss
137 http fetch GET 200 https://registry.npmjs.org/@resvg%2fresvg-js 2170ms (cache miss)
138 silly packumentCache full:https://registry.npmjs.org/@resvg%2fresvg-js set size:undefined disposed:false
139 silly fetch manifest inquirer@^9.0.7
140 silly packumentCache full:https://registry.npmjs.org/inquirer cache-miss
141 http cache https://registry.npmjs.org/inquirer 19ms (cache hit)
142 silly packumentCache full:https://registry.npmjs.org/inquirer set size:627826 disposed:false
143 silly fetch manifest jimp@^0.22.7
144 silly packumentCache full:https://registry.npmjs.org/jimp cache-miss
145 http fetch GET 200 https://registry.npmjs.org/extract-zip 1293ms (cache miss)
146 silly packumentCache full:https://registry.npmjs.org/extract-zip set size:undefined disposed:false
147 silly fetch manifest lodash@^4.17.21
148 silly packumentCache full:https://registry.npmjs.org/lodash cache-miss
149 http fetch GET 200 https://registry.npmjs.org/lodash 2006ms (cache miss)
150 silly packumentCache full:https://registry.npmjs.org/lodash set size:undefined disposed:false
151 silly fetch manifest mime-types@^2.1.28
152 silly packumentCache full:https://registry.npmjs.org/mime-types cache-miss
153 http cache https://registry.npmjs.org/mime-types 26ms (cache hit)
154 silly packumentCache full:https://registry.npmjs.org/mime-types set size:139110 disposed:false
155 silly fetch manifest node-fetch@^2.6.1
156 silly packumentCache full:https://registry.npmjs.org/node-fetch cache-miss
157 http fetch GET 200 https://registry.npmjs.org/@types%2flodash 4598ms (cache miss)
158 silly packumentCache full:https://registry.npmjs.org/@types%2flodash set size:undefined disposed:false
159 silly fetch manifest tar@^7.5.3
160 silly packumentCache full:https://registry.npmjs.org/tar cache-miss
161 http fetch GET 200 https://registry.npmjs.org/fetch-h2 3432ms (cache miss)
162 silly packumentCache full:https://registry.npmjs.org/fetch-h2 set size:undefined disposed:false
163 silly fetch manifest @types/node-fetch@^2.5.7
164 silly packumentCache full:https://registry.npmjs.org/@types%2fnode-fetch cache-miss
165 http cache https://registry.npmjs.org/@types%2fnode-fetch 11ms (cache hit)
166 silly packumentCache full:https://registry.npmjs.org/@types%2fnode-fetch set size:145604 disposed:false
167 silly fetch manifest node-fetch@^2.6.0
168 silly packumentCache full:https://registry.npmjs.org/node-fetch cache-miss
169 http fetch GET 200 https://registry.npmjs.org/googleapis 3493ms (cache miss)
170 silly packumentCache full:https://registry.npmjs.org/googleapis set size:undefined disposed:false
171 silly fetch manifest @types/node@*
172 silly packumentCache full:https://registry.npmjs.org/@types%2fnode cache-miss
173 http fetch GET 200 https://registry.npmjs.org/jimp 3112ms (cache miss)
174 silly packumentCache full:https://registry.npmjs.org/jimp set size:undefined disposed:false
175 silly fetch manifest @types/color-convert@1
176 silly packumentCache full:https://registry.npmjs.org/@types%2fcolor-convert cache-miss
177 http fetch GET 200 https://registry.npmjs.org/tar 2715ms (cache miss)
178 silly packumentCache full:https://registry.npmjs.org/tar set size:undefined disposed:false
179 silly fetch manifest rxjs@^7.2.0
180 silly packumentCache full:https://registry.npmjs.org/rxjs cache-miss
181 http fetch GET 200 https://registry.npmjs.org/@types%2fcolor-convert 2662ms (cache miss)
182 silly packumentCache full:https://registry.npmjs.org/@types%2fcolor-convert set size:undefined disposed:false
183 silly fetch manifest @types/through@*
184 silly packumentCache full:https://registry.npmjs.org/@types%2fthrough cache-miss
185 http fetch GET 200 https://registry.npmjs.org/@types%2fthrough 704ms (cache miss)
186 silly packumentCache full:https://registry.npmjs.org/@types%2fthrough set size:undefined disposed:false
187 silly fetch manifest string-width@^4.2.3
188 silly packumentCache full:https://registry.npmjs.org/string-width cache-miss
189 http fetch GET 200 https://registry.npmjs.org/string-width 557ms (cache miss)
190 silly packumentCache full:https://registry.npmjs.org/string-width set size:undefined disposed:false
191 silly fetch manifest color-string@^1.6.0
192 silly packumentCache full:https://registry.npmjs.org/color-string cache-miss
193 http fetch GET 200 https://registry.npmjs.org/color-string 811ms (cache miss)
194 silly packumentCache full:https://registry.npmjs.org/color-string set size:undefined disposed:false
195 silly fetch manifest color-convert@^1.9.3
196 silly packumentCache full:https://registry.npmjs.org/color-convert cache-miss
197 http fetch GET 200 https://registry.npmjs.org/color-convert 228ms (cache revalidated)
198 silly packumentCache full:https://registry.npmjs.org/color-convert set size:72663 disposed:false
199 silly fetch manifest ora@^5.4.1
200 silly packumentCache full:https://registry.npmjs.org/ora cache-miss
201 http fetch GET 200 https://registry.npmjs.org/node-fetch 5899ms (cache miss)
202 silly packumentCache full:https://registry.npmjs.org/node-fetch set size:undefined disposed:false
203 silly fetch manifest rxjs@^7.5.5
204 silly packumentCache full:https://registry.npmjs.org/rxjs cache-miss
205 http fetch GET 200 https://registry.npmjs.org/rxjs 3338ms (cache miss)
206 silly packumentCache full:https://registry.npmjs.org/rxjs set size:undefined disposed:false
207 silly fetch manifest chalk@^4.1.1
208 silly packumentCache full:https://registry.npmjs.org/chalk cache-miss
209 http fetch GET 200 https://registry.npmjs.org/chalk 255ms (cache revalidated)
210 silly packumentCache full:https://registry.npmjs.org/chalk set size:134775 disposed:false
211 silly fetch manifest figures@^3.0.0
212 silly packumentCache full:https://registry.npmjs.org/figures cache-miss
213 http fetch GET 200 https://registry.npmjs.org/ora 1553ms (cache miss)
214 silly packumentCache full:https://registry.npmjs.org/ora set size:undefined disposed:false
215 silly fetch manifest through@^2.3.6
216 silly packumentCache full:https://registry.npmjs.org/through cache-miss
217 http fetch GET 200 https://registry.npmjs.org/rxjs 2201ms (cache miss)
218 silly packumentCache full:https://registry.npmjs.org/rxjs set size:undefined disposed:false
219 silly fetch manifest cli-width@^3.0.0
220 silly packumentCache full:https://registry.npmjs.org/cli-width cache-miss
221 http fetch GET 200 https://registry.npmjs.org/through 816ms (cache miss)
222 silly packumentCache full:https://registry.npmjs.org/through set size:undefined disposed:false
223 silly fetch manifest run-async@^2.4.0
224 silly packumentCache full:https://registry.npmjs.org/run-async cache-miss
225 http fetch GET 200 https://registry.npmjs.org/figures 1825ms (cache miss)
226 silly packumentCache full:https://registry.npmjs.org/figures set size:undefined disposed:false
227 silly fetch manifest wrap-ansi@^6.0.1
228 silly packumentCache full:https://registry.npmjs.org/wrap-ansi cache-miss
229 http fetch GET 200 https://registry.npmjs.org/cli-width 348ms (cache miss)
230 silly packumentCache full:https://registry.npmjs.org/cli-width set size:undefined disposed:false
231 silly fetch manifest cli-cursor@^3.1.0
232 silly packumentCache full:https://registry.npmjs.org/cli-cursor cache-miss
233 http fetch GET 200 https://registry.npmjs.org/run-async 409ms (cache miss)
234 silly packumentCache full:https://registry.npmjs.org/run-async set size:undefined disposed:false
235 silly fetch manifest strip-ansi@^6.0.0
236 silly packumentCache full:https://registry.npmjs.org/strip-ansi cache-miss
237 http fetch GET 200 https://registry.npmjs.org/wrap-ansi 570ms (cache miss)
238 silly packumentCache full:https://registry.npmjs.org/wrap-ansi set size:undefined disposed:false
239 silly fetch manifest mute-stream@0.0.8
240 silly packumentCache full:https://registry.npmjs.org/mute-stream cache-miss
241 http fetch GET 200 https://registry.npmjs.org/strip-ansi 703ms (cache miss)
242 silly packumentCache full:https://registry.npmjs.org/strip-ansi set size:undefined disposed:false
243 silly fetch manifest ansi-escapes@^4.2.1
244 silly packumentCache full:https://registry.npmjs.org/ansi-escapes cache-miss
245 http fetch GET 200 https://registry.npmjs.org/mute-stream 525ms (cache miss)
246 silly packumentCache full:https://registry.npmjs.org/mute-stream set size:undefined disposed:false
247 silly fetch manifest string-width@^4.1.0
248 silly packumentCache full:https://registry.npmjs.org/string-width cache-miss
249 http cache https://registry.npmjs.org/string-width 15ms (cache hit)
250 silly packumentCache full:https://registry.npmjs.org/string-width set size:72458 disposed:false
251 silly fetch manifest @inquirer/external-editor@^1.0.0
252 silly packumentCache full:https://registry.npmjs.org/@inquirer%2fexternal-editor cache-miss
253 http fetch GET 200 https://registry.npmjs.org/cli-cursor 1061ms (cache miss)
254 silly packumentCache full:https://registry.npmjs.org/cli-cursor set size:undefined disposed:false
255 silly fetch manifest mime-db@1.52.0
256 silly packumentCache full:https://registry.npmjs.org/mime-db cache-miss
257 http fetch GET 200 https://registry.npmjs.org/ansi-escapes 780ms (cache miss)
258 silly packumentCache full:https://registry.npmjs.org/ansi-escapes set size:undefined disposed:false
259 http fetch GET 200 https://registry.npmjs.org/@types%2fnode 14933ms (cache miss)
260 silly packumentCache full:https://registry.npmjs.org/@types%2fnode set size:undefined disposed:false
261 http fetch GET 200 https://registry.npmjs.org/@inquirer%2fexternal-editor 1572ms (cache miss)
262 silly packumentCache full:https://registry.npmjs.org/@inquirer%2fexternal-editor set size:undefined disposed:false
263 http fetch GET 200 https://registry.npmjs.org/mime-db 1379ms (cache miss)
264 silly packumentCache full:https://registry.npmjs.org/mime-db set size:undefined disposed:false
265 http fetch GET 200 https://registry.npmjs.org/node-fetch 10755ms (cache miss)
266 silly packumentCache full:https://registry.npmjs.org/node-fetch set size:undefined disposed:false
267 http fetch GET 200 https://registry.npmjs.org/@types%2fgapi.client.androidpublisher 16133ms (cache miss)
268 silly packumentCache full:https://registry.npmjs.org/@types%2fgapi.client.androidpublisher set size:undefined disposed:false
269 http fetch GET 200 https://registry.npmjs.org/@types%2fnode 17019ms (cache miss)
270 silly packumentCache full:https://registry.npmjs.org/@types%2fnode set size:undefined disposed:false
271 silly fetch manifest encoding@^0.1.0
272 silly packumentCache full:https://registry.npmjs.org/encoding cache-miss
273 http fetch GET 200 https://registry.npmjs.org/encoding 343ms (cache miss)
274 silly packumentCache full:https://registry.npmjs.org/encoding set size:undefined disposed:false
275 silly placeDep node_modules/@bubblewrap/cli @resvg/resvg-js@2.6.2 OK for: @bubblewrap/core@1.25.0 want: ^2.2.0
276 silly placeDep node_modules/@bubblewrap/cli @types/extract-zip@1.6.2 OK for: @bubblewrap/core@1.25.0 want: ^1.6.2
277 silly placeDep node_modules/@bubblewrap/cli @types/gapi.client.androidpublisher@3.0.2 OK for: @bubblewrap/core@1.25.0 want: ^3.0.0
278 silly placeDep node_modules/@bubblewrap/cli/node_modules/@bubblewrap/core @types/inquirer@9.0.10 OK for: @bubblewrap/core@1.25.0 want: ^9.0.7
279 silly placeDep node_modules/@bubblewrap/cli @types/lodash@4.17.25 OK for: @bubblewrap/core@1.25.0 want: ^4.17.14
280 silly placeDep node_modules/@bubblewrap/cli @types/node@18.19.130 OK for: @bubblewrap/core@1.25.0 want: ^18.11.0
281 silly placeDep node_modules/@bubblewrap/cli @types/node-fetch@2.6.13 OK for: @bubblewrap/core@1.25.0 want: ^2.5.10
282 silly placeDep node_modules/@bubblewrap/cli canvg@4.0.3 OK for: @bubblewrap/core@1.25.0 want: 4.0.3
283 silly placeDep node_modules/@bubblewrap/cli extract-zip@1.7.0 OK for: @bubblewrap/core@1.25.0 want: ^1.7.0
284 silly placeDep node_modules/@bubblewrap/cli fetch-h2@2.5.1 OK for: @bubblewrap/core@1.25.0 want: ^2.5.1
285 silly placeDep node_modules/@bubblewrap/cli googleapis@81.0.0 OK for: @bubblewrap/core@1.25.0 want: ^81.0.0
286 silly placeDep node_modules/@bubblewrap/cli/node_modules/@bubblewrap/core inquirer@9.3.8 OK for: @bubblewrap/core@1.25.0 want: ^9.0.7
287 silly placeDep node_modules/@bubblewrap/cli jimp@0.22.12 OK for: @bubblewrap/core@1.25.0 want: ^0.22.7
288 silly placeDep node_modules/@bubblewrap/cli lodash@4.18.1 OK for: @bubblewrap/core@1.25.0 want: ^4.17.21
289 silly placeDep node_modules/@bubblewrap/cli node-fetch@2.7.0 OK for: @bubblewrap/core@1.25.0 want: ^2.6.1
290 silly placeDep node_modules/@bubblewrap/cli tar@7.5.22 OK for: @bubblewrap/core@1.25.0 want: ^7.5.3
291 silly fetch manifest @resvg/resvg-js-darwin-x64@2.6.2
292 silly packumentCache full:https://registry.npmjs.org/@resvg%2fresvg-js-darwin-x64 cache-miss
293 silly fetch manifest @resvg/resvg-js-darwin-arm64@2.6.2
294 silly packumentCache full:https://registry.npmjs.org/@resvg%2fresvg-js-darwin-arm64 cache-miss
295 silly fetch manifest @resvg/resvg-js-android-arm64@2.6.2
296 silly packumentCache full:https://registry.npmjs.org/@resvg%2fresvg-js-android-arm64 cache-miss
297 silly fetch manifest @resvg/resvg-js-linux-x64-gnu@2.6.2
298 silly packumentCache full:https://registry.npmjs.org/@resvg%2fresvg-js-linux-x64-gnu cache-miss
299 silly fetch manifest @resvg/resvg-js-linux-x64-musl@2.6.2
300 silly packumentCache full:https://registry.npmjs.org/@resvg%2fresvg-js-linux-x64-musl cache-miss
301 silly fetch manifest @resvg/resvg-js-win32-x64-msvc@2.6.2
302 silly packumentCache full:https://registry.npmjs.org/@resvg%2fresvg-js-win32-x64-msvc cache-miss
303 silly fetch manifest @resvg/resvg-js-linux-arm64-gnu@2.6.2
304 silly packumentCache full:https://registry.npmjs.org/@resvg%2fresvg-js-linux-arm64-gnu cache-miss
305 http fetch GET 200 https://registry.npmjs.org/@resvg%2fresvg-js-darwin-x64 1108ms (cache miss)
306 silly packumentCache full:https://registry.npmjs.org/@resvg%2fresvg-js-darwin-x64 set size:undefined disposed:false
307 silly fetch manifest @resvg/resvg-js-win32-ia32-msvc@2.6.2
308 silly packumentCache full:https://registry.npmjs.org/@resvg%2fresvg-js-win32-ia32-msvc cache-miss
309 http fetch GET 200 https://registry.npmjs.org/@resvg%2fresvg-js-win32-x64-msvc 1108ms (cache miss)
310 silly packumentCache full:https://registry.npmjs.org/@resvg%2fresvg-js-win32-x64-msvc set size:undefined disposed:false
311 silly fetch manifest @resvg/resvg-js-android-arm-eabi@2.6.2
312 silly packumentCache full:https://registry.npmjs.org/@resvg%2fresvg-js-android-arm-eabi cache-miss
313 http fetch GET 200 https://registry.npmjs.org/@resvg%2fresvg-js-linux-x64-musl 1164ms (cache miss)
314 silly packumentCache full:https://registry.npmjs.org/@resvg%2fresvg-js-linux-x64-musl set size:undefined disposed:false
315 silly fetch manifest @resvg/resvg-js-linux-arm64-musl@2.6.2
316 silly packumentCache full:https://registry.npmjs.org/@resvg%2fresvg-js-linux-arm64-musl cache-miss
317 http fetch GET 200 https://registry.npmjs.org/@resvg%2fresvg-js-android-arm64 1198ms (cache miss)
318 silly packumentCache full:https://registry.npmjs.org/@resvg%2fresvg-js-android-arm64 set size:undefined disposed:false
319 silly fetch manifest @resvg/resvg-js-win32-arm64-msvc@2.6.2
320 silly packumentCache full:https://registry.npmjs.org/@resvg%2fresvg-js-win32-arm64-msvc cache-miss
321 http fetch GET 200 https://registry.npmjs.org/@resvg%2fresvg-js-linux-arm64-gnu 1211ms (cache miss)
322 silly packumentCache full:https://registry.npmjs.org/@resvg%2fresvg-js-linux-arm64-gnu set size:undefined disposed:false
323 silly fetch manifest @resvg/resvg-js-linux-arm-gnueabihf@2.6.2
324 silly packumentCache full:https://registry.npmjs.org/@resvg%2fresvg-js-linux-arm-gnueabihf cache-miss
325 http fetch GET 200 https://registry.npmjs.org/@resvg%2fresvg-js-darwin-arm64 1362ms (cache miss)
326 silly packumentCache full:https://registry.npmjs.org/@resvg%2fresvg-js-darwin-arm64 set size:undefined disposed:false
327 silly fetch manifest @maxim_mazurok/gapi.client.androidpublisher-v3@latest
328 silly packumentCache full:https://registry.npmjs.org/@maxim_mazurok%2fgapi.client.androidpublisher-v3 cache-miss
329 http fetch GET 200 https://registry.npmjs.org/@resvg%2fresvg-js-linux-arm64-musl 660ms (cache miss)
330 silly packumentCache full:https://registry.npmjs.org/@resvg%2fresvg-js-linux-arm64-musl set size:undefined disposed:false
331 silly fetch manifest undici-types@~5.26.4
332 silly packumentCache full:https://registry.npmjs.org/undici-types cache-miss
333 http fetch GET 200 https://registry.npmjs.org/@resvg%2fresvg-js-win32-ia32-msvc 794ms (cache miss)
334 silly packumentCache full:https://registry.npmjs.org/@resvg%2fresvg-js-win32-ia32-msvc set size:undefined disposed:false
335 silly fetch manifest form-data@^4.0.4
336 silly packumentCache full:https://registry.npmjs.org/form-data cache-miss
337 http fetch GET 200 https://registry.npmjs.org/@resvg%2fresvg-js-linux-arm-gnueabihf 1272ms (cache miss)
338 silly packumentCache full:https://registry.npmjs.org/@resvg%2fresvg-js-linux-arm-gnueabihf set size:undefined disposed:false
339 silly fetch manifest raf@^3.4.1
340 silly packumentCache full:https://registry.npmjs.org/raf cache-miss
341 http fetch GET 200 https://registry.npmjs.org/@resvg%2fresvg-js-android-arm-eabi 1432ms (cache miss)
342 silly packumentCache full:https://registry.npmjs.org/@resvg%2fresvg-js-android-arm-eabi set size:undefined disposed:false
343 silly fetch manifest rgbcolor@^1.0.1
344 silly packumentCache full:https://registry.npmjs.org/rgbcolor cache-miss
345 http fetch GET 200 https://registry.npmjs.org/form-data 651ms (cache miss)
346 silly packumentCache full:https://registry.npmjs.org/form-data set size:undefined disposed:false
347 silly fetch manifest @types/raf@^3.4.0
348 silly packumentCache full:https://registry.npmjs.org/@types%2fraf cache-miss
349 http fetch GET 200 https://registry.npmjs.org/@resvg%2fresvg-js-win32-arm64-msvc 1394ms (cache miss)
350 silly packumentCache full:https://registry.npmjs.org/@resvg%2fresvg-js-win32-arm64-msvc set size:undefined disposed:false
351 silly fetch manifest svg-pathdata@^6.0.3
352 silly packumentCache full:https://registry.npmjs.org/svg-pathdata cache-miss
353 http fetch GET 200 https://registry.npmjs.org/@resvg%2fresvg-js-linux-x64-gnu 2717ms (cache miss)
354 silly packumentCache full:https://registry.npmjs.org/@resvg%2fresvg-js-linux-x64-gnu set size:undefined disposed:false
355 silly fetch manifest stackblur-canvas@^2.0.0
356 silly packumentCache full:https://registry.npmjs.org/stackblur-canvas cache-miss
357 http fetch GET 200 https://registry.npmjs.org/undici-types 924ms (cache miss)
358 silly packumentCache full:https://registry.npmjs.org/undici-types set size:undefined disposed:false
359 silly fetch manifest concat-stream@^1.6.2
360 silly packumentCache full:https://registry.npmjs.org/concat-stream cache-miss
361 http fetch GET 200 https://registry.npmjs.org/raf 371ms (cache miss)
362 silly packumentCache full:https://registry.npmjs.org/raf set size:undefined disposed:false
363 silly fetch manifest debug@^2.6.9
364 silly packumentCache full:https://registry.npmjs.org/debug cache-miss
365 http fetch GET 200 https://registry.npmjs.org/rgbcolor 403ms (cache miss)
366 silly packumentCache full:https://registry.npmjs.org/rgbcolor set size:undefined disposed:false
367 silly fetch manifest mkdirp@^0.5.4
368 silly packumentCache full:https://registry.npmjs.org/mkdirp cache-miss
369 http fetch GET 200 https://registry.npmjs.org/debug 189ms (cache revalidated)
370 silly packumentCache full:https://registry.npmjs.org/debug set size:195840 disposed:false
371 silly fetch manifest yauzl@^2.10.0
372 silly packumentCache full:https://registry.npmjs.org/yauzl cache-miss
373 http fetch GET 200 https://registry.npmjs.org/concat-stream 333ms (cache miss)
374 silly packumentCache full:https://registry.npmjs.org/concat-stream set size:undefined disposed:false
375 silly fetch manifest @types/tough-cookie@^4.0.0
376 silly packumentCache full:https://registry.npmjs.org/@types%2ftough-cookie cache-miss
377 http fetch GET 200 https://registry.npmjs.org/@types%2fraf 566ms (cache miss)
378 silly packumentCache full:https://registry.npmjs.org/@types%2fraf set size:undefined disposed:false
379 silly fetch manifest already@^1.13.1
380 silly packumentCache full:https://registry.npmjs.org/already cache-miss
381 http fetch GET 200 https://registry.npmjs.org/svg-pathdata 1021ms (cache miss)
382 silly packumentCache full:https://registry.npmjs.org/svg-pathdata set size:undefined disposed:false
383 silly fetch manifest callguard@^2.0.0
384 silly packumentCache full:https://registry.npmjs.org/callguard cache-miss
385 http fetch GET 200 https://registry.npmjs.org/yauzl 886ms (cache miss)
386 silly packumentCache full:https://registry.npmjs.org/yauzl set size:undefined disposed:false
387 silly fetch manifest get-stream@^6.0.0
388 silly packumentCache full:https://registry.npmjs.org/get-stream cache-miss
389 http fetch GET 200 https://registry.npmjs.org/mkdirp 1085ms (cache miss)
390 silly packumentCache full:https://registry.npmjs.org/mkdirp set size:undefined disposed:false
391 silly fetch manifest through2@^4.0.2
392 silly packumentCache full:https://registry.npmjs.org/through2 cache-miss
393 http fetch GET 200 https://registry.npmjs.org/@maxim_mazurok%2fgapi.client.androidpublisher-v3 2734ms (cache miss)
394 silly packumentCache full:https://registry.npmjs.org/@maxim_mazurok%2fgapi.client.androidpublisher-v3 set size:undefined disposed:false
395 silly fetch manifest to-arraybuffer@^1.0.1
396 silly packumentCache full:https://registry.npmjs.org/to-arraybuffer cache-miss
397 http fetch GET 200 https://registry.npmjs.org/stackblur-canvas 1434ms (cache miss)
398 silly packumentCache full:https://registry.npmjs.org/stackblur-canvas set size:undefined disposed:false
399 silly fetch manifest tough-cookie@^4.0.0
400 silly packumentCache full:https://registry.npmjs.org/tough-cookie cache-miss
401 http fetch GET 200 https://registry.npmjs.org/callguard 554ms (cache miss)
402 silly packumentCache full:https://registry.npmjs.org/callguard set size:undefined disposed:false
403 silly fetch manifest googleapis-common@^5.0.2
404 silly packumentCache full:https://registry.npmjs.org/googleapis-common cache-miss
405 http fetch GET 200 https://registry.npmjs.org/@types%2ftough-cookie 1207ms (cache miss)
406 silly packumentCache full:https://registry.npmjs.org/@types%2ftough-cookie set size:undefined disposed:false
407 silly fetch manifest google-auth-library@^7.0.2
408 silly packumentCache full:https://registry.npmjs.org/google-auth-library cache-miss
409 http fetch GET 200 https://registry.npmjs.org/get-stream 495ms (cache miss)
410 silly packumentCache full:https://registry.npmjs.org/get-stream set size:undefined disposed:false
411 silly fetch manifest rxjs@^7.8.1
412 silly packumentCache full:https://registry.npmjs.org/rxjs cache-miss
413 http fetch GET 200 https://registry.npmjs.org/already 1368ms (cache miss)
414 silly packumentCache full:https://registry.npmjs.org/already set size:undefined disposed:false
415 silly fetch manifest cli-width@^4.1.0
416 silly packumentCache full:https://registry.npmjs.org/cli-width cache-miss
417 http cache https://registry.npmjs.org/rxjs 48ms (cache hit)
418 silly packumentCache full:https://registry.npmjs.org/rxjs set size:1028301 disposed:false
419 silly fetch manifest run-async@^3.0.0
420 silly packumentCache full:https://registry.npmjs.org/run-async cache-miss
421 http fetch GET 200 https://registry.npmjs.org/to-arraybuffer 543ms (cache miss)
422 silly packumentCache full:https://registry.npmjs.org/to-arraybuffer set size:undefined disposed:false
423 silly fetch manifest wrap-ansi@^6.2.0
424 silly packumentCache full:https://registry.npmjs.org/wrap-ansi cache-miss
425 http fetch GET 200 https://registry.npmjs.org/tough-cookie 522ms (cache miss)
426 silly packumentCache full:https://registry.npmjs.org/tough-cookie set size:undefined disposed:false
427 silly fetch manifest strip-ansi@^6.0.1
428 silly packumentCache full:https://registry.npmjs.org/strip-ansi cache-miss
429 http cache https://registry.npmjs.org/run-async 117ms (cache hit)
430 silly packumentCache full:https://registry.npmjs.org/run-async set size:30788 disposed:false
431 silly fetch manifest mute-stream@1.0.0
432 silly packumentCache full:https://registry.npmjs.org/mute-stream cache-miss
433 http cache https://registry.npmjs.org/cli-width 211ms (cache hit)
434 silly packumentCache full:https://registry.npmjs.org/cli-width set size:24976 disposed:false
435 silly fetch manifest ansi-escapes@^4.3.2
436 silly packumentCache full:https://registry.npmjs.org/ansi-escapes cache-miss
437 http fetch GET 200 https://registry.npmjs.org/through2 693ms (cache miss)
438 silly packumentCache full:https://registry.npmjs.org/through2 set size:undefined disposed:false
439 silly fetch manifest yoctocolors-cjs@^2.1.2
440 silly packumentCache full:https://registry.npmjs.org/yoctocolors-cjs cache-miss
441 http cache https://registry.npmjs.org/wrap-ansi 123ms (cache hit)
442 silly packumentCache full:https://registry.npmjs.org/wrap-ansi set size:57461 disposed:false
443 silly fetch manifest @inquirer/figures@^1.0.3
444 silly packumentCache full:https://registry.npmjs.org/@inquirer%2ffigures cache-miss
445 http cache https://registry.npmjs.org/strip-ansi 110ms (cache hit)
446 silly packumentCache full:https://registry.npmjs.org/strip-ansi set size:44998 disposed:false
447 silly fetch manifest @inquirer/external-editor@^1.0.2
448 silly packumentCache full:https://registry.npmjs.org/@inquirer%2fexternal-editor cache-miss
449 http cache https://registry.npmjs.org/mute-stream 89ms (cache hit)
450 silly packumentCache full:https://registry.npmjs.org/mute-stream set size:24413 disposed:false
451 silly fetch manifest @jimp/types@^0.22.12
452 silly packumentCache full:https://registry.npmjs.org/@jimp%2ftypes cache-miss
453 http cache https://registry.npmjs.org/ansi-escapes 89ms (cache hit)
454 silly packumentCache full:https://registry.npmjs.org/ansi-escapes set size:70915 disposed:false
455 silly fetch manifest @jimp/custom@^0.22.12
456 silly packumentCache full:https://registry.npmjs.org/@jimp%2fcustom cache-miss
457 http cache https://registry.npmjs.org/@inquirer%2fexternal-editor 48ms (cache hit)
458 silly packumentCache full:https://registry.npmjs.org/@inquirer%2fexternal-editor set size:44413 disposed:false
459 silly fetch manifest @jimp/plugins@^0.22.12
460 silly packumentCache full:https://registry.npmjs.org/@jimp%2fplugins cache-miss
461 http fetch GET 200 https://registry.npmjs.org/yoctocolors-cjs 292ms (cache miss)
462 silly packumentCache full:https://registry.npmjs.org/yoctocolors-cjs set size:undefined disposed:false
463 silly fetch manifest regenerator-runtime@^0.13.3
464 silly packumentCache full:https://registry.npmjs.org/regenerator-runtime cache-miss
465 http fetch GET 200 https://registry.npmjs.org/@inquirer%2ffigures 481ms (cache miss)
466 silly packumentCache full:https://registry.npmjs.org/@inquirer%2ffigures set size:undefined disposed:false
467 silly fetch manifest whatwg-url@^5.0.0
468 silly packumentCache full:https://registry.npmjs.org/whatwg-url cache-miss
469 http fetch GET 200 https://registry.npmjs.org/googleapis-common 1126ms (cache miss)
470 silly packumentCache full:https://registry.npmjs.org/googleapis-common set size:undefined disposed:false
471 silly fetch manifest chownr@^3.0.0
472 silly packumentCache full:https://registry.npmjs.org/chownr cache-miss
473 http fetch GET 200 https://registry.npmjs.org/google-auth-library 1020ms (cache miss)
474 silly packumentCache full:https://registry.npmjs.org/google-auth-library set size:undefined disposed:false
475 silly fetch manifest yallist@^5.0.0
476 silly packumentCache full:https://registry.npmjs.org/yallist cache-miss
477 http fetch GET 200 https://registry.npmjs.org/regenerator-runtime 562ms (cache miss)
478 silly packumentCache full:https://registry.npmjs.org/regenerator-runtime set size:undefined disposed:false
479 silly fetch manifest minipass@^7.1.2
480 silly packumentCache full:https://registry.npmjs.org/minipass cache-miss
481 http fetch GET 200 https://registry.npmjs.org/chownr 355ms (cache miss)
482 silly packumentCache full:https://registry.npmjs.org/chownr set size:undefined disposed:false
483 silly fetch manifest minizlib@^3.1.0
484 silly packumentCache full:https://registry.npmjs.org/minizlib cache-miss
485 http fetch GET 200 https://registry.npmjs.org/whatwg-url 785ms (cache miss)
486 silly packumentCache full:https://registry.npmjs.org/whatwg-url set size:undefined disposed:false
487 silly fetch manifest @isaacs/fs-minipass@^4.0.0
488 silly packumentCache full:https://registry.npmjs.org/@isaacs%2ffs-minipass cache-miss
489 http fetch GET 200 https://registry.npmjs.org/yallist 871ms (cache miss)
490 silly packumentCache full:https://registry.npmjs.org/yallist set size:undefined disposed:false
491 http fetch GET 200 https://registry.npmjs.org/@isaacs%2ffs-minipass 521ms (cache miss)
492 silly packumentCache full:https://registry.npmjs.org/@isaacs%2ffs-minipass set size:undefined disposed:false
493 http fetch GET 200 https://registry.npmjs.org/minizlib 1415ms (cache miss)
494 silly packumentCache full:https://registry.npmjs.org/minizlib set size:undefined disposed:false
495 http fetch GET 200 https://registry.npmjs.org/@jimp%2fcustom 2403ms (cache miss)
496 silly packumentCache full:https://registry.npmjs.org/@jimp%2fcustom set size:undefined disposed:false
497 http fetch GET 200 https://registry.npmjs.org/minipass 1722ms (cache miss)
498 silly packumentCache full:https://registry.npmjs.org/minipass set size:undefined disposed:false
499 http fetch GET 200 https://registry.npmjs.org/@jimp%2fplugins 3717ms (cache miss)
500 silly packumentCache full:https://registry.npmjs.org/@jimp%2fplugins set size:undefined disposed:false
501 http fetch GET 200 https://registry.npmjs.org/@jimp%2ftypes 12952ms (cache miss)
502 silly packumentCache full:https://registry.npmjs.org/@jimp%2ftypes set size:undefined disposed:false
503 silly placeDep node_modules/@bubblewrap/cli @resvg/resvg-js-android-arm-eabi@2.6.2 OK for: @resvg/resvg-js@2.6.2 want: 2.6.2
504 silly placeDep node_modules/@bubblewrap/cli @resvg/resvg-js-android-arm64@2.6.2 OK for: @resvg/resvg-js@2.6.2 want: 2.6.2
505 silly placeDep node_modules/@bubblewrap/cli @resvg/resvg-js-darwin-arm64@2.6.2 OK for: @resvg/resvg-js@2.6.2 want: 2.6.2
506 silly placeDep node_modules/@bubblewrap/cli @resvg/resvg-js-darwin-x64@2.6.2 OK for: @resvg/resvg-js@2.6.2 want: 2.6.2
507 silly placeDep node_modules/@bubblewrap/cli @resvg/resvg-js-linux-arm-gnueabihf@2.6.2 OK for: @resvg/resvg-js@2.6.2 want: 2.6.2
508 silly placeDep node_modules/@bubblewrap/cli @resvg/resvg-js-linux-arm64-gnu@2.6.2 OK for: @resvg/resvg-js@2.6.2 want: 2.6.2
509 silly placeDep node_modules/@bubblewrap/cli @resvg/resvg-js-linux-arm64-musl@2.6.2 OK for: @resvg/resvg-js@2.6.2 want: 2.6.2
510 silly placeDep node_modules/@bubblewrap/cli @resvg/resvg-js-linux-x64-gnu@2.6.2 OK for: @resvg/resvg-js@2.6.2 want: 2.6.2
511 silly placeDep node_modules/@bubblewrap/cli @resvg/resvg-js-linux-x64-musl@2.6.2 OK for: @resvg/resvg-js@2.6.2 want: 2.6.2
512 silly placeDep node_modules/@bubblewrap/cli @resvg/resvg-js-win32-arm64-msvc@2.6.2 OK for: @resvg/resvg-js@2.6.2 want: 2.6.2
513 silly placeDep node_modules/@bubblewrap/cli @resvg/resvg-js-win32-ia32-msvc@2.6.2 OK for: @resvg/resvg-js@2.6.2 want: 2.6.2
514 silly placeDep node_modules/@bubblewrap/cli @resvg/resvg-js-win32-x64-msvc@2.6.2 OK for: @resvg/resvg-js@2.6.2 want: 2.6.2
515 silly placeDep node_modules/@bubblewrap/cli @types/color-convert@1.9.0 OK for: @types/color@3.0.7 want: 1
516 silly fetch manifest @types/color-name@*
517 silly packumentCache full:https://registry.npmjs.org/@types%2fcolor-name cache-miss
518 http fetch GET 200 https://registry.npmjs.org/@types%2fcolor-name 690ms (cache miss)
519 silly packumentCache full:https://registry.npmjs.org/@types%2fcolor-name set size:undefined disposed:false
520 silly placeDep node_modules/@bubblewrap/cli @types/color-name@2.0.0 OK for: @types/color-convert@1.9.0 want: *
521 silly placeDep node_modules/@bubblewrap/cli @maxim_mazurok/gapi.client.androidpublisher-v3@0.5.20260826 OK for: @types/gapi.client.androidpublisher@3.0.2 want: latest
522 silly fetch manifest @types/gapi.client@*
523 silly packumentCache full:https://registry.npmjs.org/@types%2fgapi.client cache-miss
524 silly fetch manifest @types/gapi.client.discovery-v1@*
525 silly packumentCache full:https://registry.npmjs.org/@types%2fgapi.client.discovery-v1 cache-miss
526 http fetch GET 200 https://registry.npmjs.org/@types%2fgapi.client.discovery-v1 731ms (cache miss)
527 silly packumentCache full:https://registry.npmjs.org/@types%2fgapi.client.discovery-v1 set size:undefined disposed:false
528 http fetch GET 200 https://registry.npmjs.org/@types%2fgapi.client 739ms (cache miss)
529 silly packumentCache full:https://registry.npmjs.org/@types%2fgapi.client set size:undefined disposed:false
530 silly placeDep node_modules/@bubblewrap/cli @types/gapi.client@1.0.8 OK for: @maxim_mazurok/gapi.client.androidpublisher-v3@0.5.20260826 want: *
531 silly placeDep node_modules/@bubblewrap/cli @types/gapi.client.discovery-v1@0.0.4 OK for: @maxim_mazurok/gapi.client.androidpublisher-v3@0.5.20260826 want: *
532 silly fetch manifest @maxim_mazurok/gapi.client.discovery-v1@latest
533 silly packumentCache full:https://registry.npmjs.org/@maxim_mazurok%2fgapi.client.discovery-v1 cache-miss
534 http fetch GET 200 https://registry.npmjs.org/@maxim_mazurok%2fgapi.client.discovery-v1 662ms (cache miss)
535 silly packumentCache full:https://registry.npmjs.org/@maxim_mazurok%2fgapi.client.discovery-v1 set size:undefined disposed:false
536 silly placeDep node_modules/@bubblewrap/cli @maxim_mazurok/gapi.client.discovery-v1@0.6.20200806 OK for: @types/gapi.client.discovery-v1@0.0.4 want: latest
537 silly placeDep node_modules/@bubblewrap/cli @types/through@0.0.33 OK for: @types/inquirer@8.2.13 want: *
538 silly placeDep node_modules/@bubblewrap/cli rxjs@7.8.2 OK for: @types/inquirer@8.2.13 want: ^7.2.0
539 silly fetch manifest tslib@^2.1.0
540 silly packumentCache full:https://registry.npmjs.org/tslib cache-miss
541 http fetch GET 200 https://registry.npmjs.org/tslib 696ms (cache miss)
542 silly packumentCache full:https://registry.npmjs.org/tslib set size:undefined disposed:false
543 silly placeDep node_modules/@bubblewrap/cli undici-types@5.26.5 OK for: @types/node@18.19.130 want: ~5.26.4
544 silly placeDep node_modules/@bubblewrap/cli form-data@4.0.6 OK for: @types/node-fetch@2.6.13 want: ^4.0.4
545 silly fetch manifest hasown@^2.0.4
546 silly packumentCache full:https://registry.npmjs.org/hasown cache-miss
547 silly fetch manifest asynckit@^0.4.0
548 silly packumentCache full:https://registry.npmjs.org/asynckit cache-miss
549 silly fetch manifest combined-stream@^1.0.8
550 silly packumentCache full:https://registry.npmjs.org/combined-stream cache-miss
551 silly fetch manifest es-set-tostringtag@^2.1.0
552 silly packumentCache full:https://registry.npmjs.org/es-set-tostringtag cache-miss
553 http fetch GET 200 https://registry.npmjs.org/hasown 259ms (cache revalidated)
554 silly packumentCache full:https://registry.npmjs.org/hasown set size:18361 disposed:false
555 http fetch GET 200 https://registry.npmjs.org/es-set-tostringtag 260ms (cache miss)
556 silly packumentCache full:https://registry.npmjs.org/es-set-tostringtag set size:undefined disposed:false
557 http fetch GET 200 https://registry.npmjs.org/asynckit 276ms (cache miss)
558 silly packumentCache full:https://registry.npmjs.org/asynckit set size:undefined disposed:false
559 http fetch GET 200 https://registry.npmjs.org/combined-stream 434ms (cache miss)
560 silly packumentCache full:https://registry.npmjs.org/combined-stream set size:undefined disposed:false
561 silly placeDep node_modules/@bubblewrap/cli @types/raf@3.4.3 OK for: canvg@4.0.3 want: ^3.4.0
562 silly placeDep node_modules/@bubblewrap/cli raf@3.4.1 OK for: canvg@4.0.3 want: ^3.4.1
563 silly placeDep node_modules/@bubblewrap/cli rgbcolor@1.0.1 OK for: canvg@4.0.3 want: ^1.0.1
564 silly placeDep node_modules/@bubblewrap/cli stackblur-canvas@2.7.0 OK for: canvg@4.0.3 want: ^2.0.0
565 silly placeDep node_modules/@bubblewrap/cli svg-pathdata@6.0.3 OK for: canvg@4.0.3 want: ^6.0.3
566 silly fetch manifest performance-now@^2.1.0
567 silly packumentCache full:https://registry.npmjs.org/performance-now cache-miss
568 http fetch GET 200 https://registry.npmjs.org/performance-now 244ms (cache miss)
569 silly packumentCache full:https://registry.npmjs.org/performance-now set size:undefined disposed:false
570 silly placeDep node_modules/@bubblewrap/cli string-width@4.2.3 OK for: cli-progress@3.12.0 want: ^4.2.3
571 silly fetch manifest emoji-regex@^8.0.0
572 silly packumentCache full:https://registry.npmjs.org/emoji-regex cache-miss
573 silly fetch manifest is-fullwidth-code-point@^3.0.0
574 silly packumentCache full:https://registry.npmjs.org/is-fullwidth-code-point cache-miss
575 http fetch GET 200 https://registry.npmjs.org/is-fullwidth-code-point 238ms (cache miss)
576 silly packumentCache full:https://registry.npmjs.org/is-fullwidth-code-point set size:undefined disposed:false
577 http fetch GET 200 https://registry.npmjs.org/emoji-regex 538ms (cache miss)
578 silly packumentCache full:https://registry.npmjs.org/emoji-regex set size:undefined disposed:false
579 silly placeDep node_modules/@bubblewrap/cli color-convert@1.9.3 OK for: color@3.2.1 want: ^1.9.3
580 silly placeDep node_modules/@bubblewrap/cli color-string@1.9.1 OK for: color@3.2.1 want: ^1.6.0
581 silly fetch manifest color-name@1.1.3
582 silly packumentCache full:https://registry.npmjs.org/color-name cache-miss
583 silly fetch manifest color-name@^1.0.0
584 silly packumentCache full:https://registry.npmjs.org/color-name cache-miss
585 silly fetch manifest simple-swizzle@^0.2.2
586 silly packumentCache full:https://registry.npmjs.org/simple-swizzle cache-miss
587 http fetch GET 200 https://registry.npmjs.org/color-name 182ms (cache revalidated)
588 silly packumentCache full:https://registry.npmjs.org/color-name set size:20968 disposed:false
589 http fetch GET 200 https://registry.npmjs.org/color-name 204ms (cache revalidated)
590 silly packumentCache full:https://registry.npmjs.org/color-name set size:20968 disposed:false
591 silly packumentCache full:https://registry.npmjs.org/color-name dispose
592 http fetch GET 200 https://registry.npmjs.org/simple-swizzle 252ms (cache miss)
593 silly packumentCache full:https://registry.npmjs.org/simple-swizzle set size:undefined disposed:false
594 silly placeDep node_modules/@bubblewrap/cli color-name@1.1.3 OK for: color-convert@1.9.3 want: 1.1.3
595 silly placeDep node_modules/@bubblewrap/cli simple-swizzle@0.2.4 OK for: color-string@1.9.1 want: ^0.2.2
596 silly fetch manifest is-arrayish@^0.3.1
597 silly packumentCache full:https://registry.npmjs.org/is-arrayish cache-miss
598 http fetch GET 200 https://registry.npmjs.org/is-arrayish 253ms (cache miss)
599 silly packumentCache full:https://registry.npmjs.org/is-arrayish set size:undefined disposed:false
600 silly placeDep node_modules/@bubblewrap/cli concat-stream@1.6.2 OK for: extract-zip@1.7.0 want: ^1.6.2
601 silly placeDep node_modules/@bubblewrap/cli debug@2.6.9 OK for: extract-zip@1.7.0 want: ^2.6.9
602 silly placeDep node_modules/@bubblewrap/cli mkdirp@0.5.6 OK for: extract-zip@1.7.0 want: ^0.5.4
603 silly placeDep node_modules/@bubblewrap/cli yauzl@2.10.0 OK for: extract-zip@1.7.0 want: ^2.10.0
604 silly fetch manifest buffer-from@^1.0.0
605 silly packumentCache full:https://registry.npmjs.org/buffer-from cache-miss
606 silly fetch manifest inherits@^2.0.3
607 silly packumentCache full:https://registry.npmjs.org/inherits cache-miss
608 silly fetch manifest readable-stream@^2.2.2
609 silly packumentCache full:https://registry.npmjs.org/readable-stream cache-miss
610 silly fetch manifest typedarray@^0.0.6
611 silly packumentCache full:https://registry.npmjs.org/typedarray cache-miss
612 silly fetch manifest ms@2.0.0
613 silly packumentCache full:https://registry.npmjs.org/ms cache-miss
614 silly fetch manifest fd-slicer@~1.1.0
615 silly packumentCache full:https://registry.npmjs.org/fd-slicer cache-miss
616 silly fetch manifest buffer-crc32@~0.2.3
617 silly packumentCache full:https://registry.npmjs.org/buffer-crc32 cache-miss
618 http fetch GET 200 https://registry.npmjs.org/fd-slicer 237ms (cache miss)
619 silly packumentCache full:https://registry.npmjs.org/fd-slicer set size:undefined disposed:false
620 http fetch GET 200 https://registry.npmjs.org/inherits 258ms (cache miss)
621 silly packumentCache full:https://registry.npmjs.org/inherits set size:undefined disposed:false
622 http fetch GET 200 https://registry.npmjs.org/ms 261ms (cache revalidated)
623 silly packumentCache full:https://registry.npmjs.org/ms set size:92208 disposed:false
624 http fetch GET 200 https://registry.npmjs.org/typedarray 299ms (cache miss)
625 silly packumentCache full:https://registry.npmjs.org/typedarray set size:undefined disposed:false
626 http fetch GET 200 https://registry.npmjs.org/buffer-from 317ms (cache miss)
627 silly packumentCache full:https://registry.npmjs.org/buffer-from set size:undefined disposed:false
628 http fetch GET 200 https://registry.npmjs.org/buffer-crc32 315ms (cache miss)
629 silly packumentCache full:https://registry.npmjs.org/buffer-crc32 set size:undefined disposed:false
630 http fetch GET 200 https://registry.npmjs.org/readable-stream 823ms (cache miss)
631 silly packumentCache full:https://registry.npmjs.org/readable-stream set size:undefined disposed:false
632 silly placeDep node_modules/@bubblewrap/cli buffer-from@1.1.2 OK for: concat-stream@1.6.2 want: ^1.0.0
633 silly placeDep node_modules/@bubblewrap/cli inherits@2.0.4 OK for: concat-stream@1.6.2 want: ^2.0.3
634 silly placeDep node_modules/@bubblewrap/cli readable-stream@2.3.8 OK for: concat-stream@1.6.2 want: ^2.2.2
635 silly placeDep node_modules/@bubblewrap/cli typedarray@0.0.6 OK for: concat-stream@1.6.2 want: ^0.0.6
636 silly fetch manifest isarray@~1.0.0
637 silly packumentCache full:https://registry.npmjs.org/isarray cache-miss
638 silly fetch manifest safe-buffer@~5.1.1
639 silly packumentCache full:https://registry.npmjs.org/safe-buffer cache-miss
640 silly fetch manifest core-util-is@~1.0.0
641 silly packumentCache full:https://registry.npmjs.org/core-util-is cache-miss
642 silly fetch manifest string_decoder@~1.1.1
643 silly packumentCache full:https://registry.npmjs.org/string_decoder cache-miss
644 silly fetch manifest util-deprecate@~1.0.1
645 silly packumentCache full:https://registry.npmjs.org/util-deprecate cache-miss
646 silly fetch manifest process-nextick-args@~2.0.0
647 silly packumentCache full:https://registry.npmjs.org/process-nextick-args cache-miss
648 http fetch GET 200 https://registry.npmjs.org/safe-buffer 235ms (cache revalidated)
649 silly packumentCache full:https://registry.npmjs.org/safe-buffer set size:41183 disposed:false
650 http fetch GET 200 https://registry.npmjs.org/process-nextick-args 278ms (cache miss)
651 silly packumentCache full:https://registry.npmjs.org/process-nextick-args set size:undefined disposed:false
652 http fetch GET 200 https://registry.npmjs.org/util-deprecate 286ms (cache miss)
653 silly packumentCache full:https://registry.npmjs.org/util-deprecate set size:undefined disposed:false
654 http fetch GET 200 https://registry.npmjs.org/core-util-is 294ms (cache miss)
655 silly packumentCache full:https://registry.npmjs.org/core-util-is set size:undefined disposed:false
656 http fetch GET 200 https://registry.npmjs.org/isarray 302ms (cache miss)
657 silly packumentCache full:https://registry.npmjs.org/isarray set size:undefined disposed:false
658 http fetch GET 200 https://registry.npmjs.org/string_decoder 390ms (cache miss)
659 silly packumentCache full:https://registry.npmjs.org/string_decoder set size:undefined disposed:false
660 silly placeDep node_modules/@bubblewrap/cli ms@2.0.0 OK for: debug@2.6.9 want: 2.0.0
661 silly placeDep node_modules/@bubblewrap/cli @types/tough-cookie@4.0.5 OK for: fetch-h2@2.5.1 want: ^4.0.0
662 silly placeDep node_modules/@bubblewrap/cli already@1.13.2 OK for: fetch-h2@2.5.1 want: ^1.13.1
663 silly placeDep node_modules/@bubblewrap/cli callguard@2.0.0 OK for: fetch-h2@2.5.1 want: ^2.0.0
664 silly placeDep node_modules/@bubblewrap/cli get-stream@6.0.1 OK for: fetch-h2@2.5.1 want: ^6.0.0
665 silly placeDep node_modules/@bubblewrap/cli through2@4.0.2 OK for: fetch-h2@2.5.1 want: ^4.0.2
666 silly placeDep node_modules/@bubblewrap/cli to-arraybuffer@1.0.1 OK for: fetch-h2@2.5.1 want: ^1.0.1
667 silly placeDep node_modules/@bubblewrap/cli tough-cookie@4.1.4 OK for: fetch-h2@2.5.1 want: ^4.0.0
668 silly fetch manifest throat@^5.0.0
669 silly packumentCache full:https://registry.npmjs.org/throat cache-miss
670 silly fetch manifest readable-stream@3
671 silly packumentCache full:https://registry.npmjs.org/readable-stream cache-miss
672 silly fetch manifest psl@^1.1.33
673 silly packumentCache full:https://registry.npmjs.org/psl cache-miss
674 silly fetch manifest punycode@^2.1.1
675 silly packumentCache full:https://registry.npmjs.org/punycode cache-miss
676 silly fetch manifest url-parse@^1.5.3
677 silly packumentCache full:https://registry.npmjs.org/url-parse cache-miss
678 silly fetch manifest universalify@^0.2.0
679 silly packumentCache full:https://registry.npmjs.org/universalify cache-miss
680 http cache https://registry.npmjs.org/readable-stream 44ms (cache hit)
681 silly packumentCache full:https://registry.npmjs.org/readable-stream set size:261096 disposed:false
682 http fetch GET 200 https://registry.npmjs.org/universalify 277ms (cache miss)
683 silly packumentCache full:https://registry.npmjs.org/universalify set size:undefined disposed:false
684 http fetch GET 200 https://registry.npmjs.org/throat 311ms (cache miss)
685 silly packumentCache full:https://registry.npmjs.org/throat set size:undefined disposed:false
686 http fetch GET 200 https://registry.npmjs.org/punycode 345ms (cache miss)
687 silly packumentCache full:https://registry.npmjs.org/punycode set size:undefined disposed:false
688 http fetch GET 200 https://registry.npmjs.org/psl 688ms (cache miss)
689 silly packumentCache full:https://registry.npmjs.org/psl set size:undefined disposed:false
690 http fetch GET 200 https://registry.npmjs.org/url-parse 732ms (cache miss)
691 silly packumentCache full:https://registry.npmjs.org/url-parse set size:undefined disposed:false
692 silly placeDep node_modules/@bubblewrap/cli throat@5.0.0 OK for: already@1.13.2 want: ^5.0.0
693 silly placeDep node_modules/@bubblewrap/cli asynckit@0.4.0 OK for: form-data@4.0.6 want: ^0.4.0
694 silly placeDep node_modules/@bubblewrap/cli combined-stream@1.0.8 OK for: form-data@4.0.6 want: ^1.0.8
695 silly placeDep node_modules/@bubblewrap/cli es-set-tostringtag@2.1.0 OK for: form-data@4.0.6 want: ^2.1.0
696 silly placeDep node_modules/@bubblewrap/cli hasown@2.0.4 OK for: form-data@4.0.6 want: ^2.0.4
697 silly fetch manifest delayed-stream@~1.0.0
698 silly packumentCache full:https://registry.npmjs.org/delayed-stream cache-miss
699 silly fetch manifest es-errors@^1.3.0
700 silly packumentCache full:https://registry.npmjs.org/es-errors cache-miss
701 silly fetch manifest get-intrinsic@^1.2.6
702 silly packumentCache full:https://registry.npmjs.org/get-intrinsic cache-miss
703 silly fetch manifest has-tostringtag@^1.0.2
704 silly packumentCache full:https://registry.npmjs.org/has-tostringtag cache-miss
705 silly fetch manifest hasown@^2.0.2
706 silly packumentCache full:https://registry.npmjs.org/hasown cache-hit
707 silly fetch manifest function-bind@^1.1.2
708 silly packumentCache full:https://registry.npmjs.org/function-bind cache-miss
709 http fetch GET 200 https://registry.npmjs.org/delayed-stream 266ms (cache miss)
710 silly packumentCache full:https://registry.npmjs.org/delayed-stream set size:undefined disposed:false
711 http fetch GET 200 https://registry.npmjs.org/es-errors 292ms (cache revalidated)
712 silly packumentCache full:https://registry.npmjs.org/es-errors set size:16918 disposed:false
713 http fetch GET 200 https://registry.npmjs.org/get-intrinsic 297ms (cache revalidated)
714 silly packumentCache full:https://registry.npmjs.org/get-intrinsic set size:60985 disposed:false
715 http fetch GET 200 https://registry.npmjs.org/has-tostringtag 305ms (cache miss)
716 silly packumentCache full:https://registry.npmjs.org/has-tostringtag set size:undefined disposed:false
717 http fetch GET 200 https://registry.npmjs.org/function-bind 339ms (cache revalidated)
718 silly packumentCache full:https://registry.npmjs.org/function-bind set size:15733 disposed:false
719 silly placeDep node_modules/@bubblewrap/cli delayed-stream@1.0.0 OK for: combined-stream@1.0.8 want: ~1.0.0
720 silly placeDep node_modules/@bubblewrap/cli es-errors@1.3.0 OK for: es-set-tostringtag@2.1.0 want: ^1.3.0
721 silly placeDep node_modules/@bubblewrap/cli get-intrinsic@1.3.0 OK for: es-set-tostringtag@2.1.0 want: ^1.2.6
722 silly placeDep node_modules/@bubblewrap/cli has-tostringtag@1.0.2 OK for: es-set-tostringtag@2.1.0 want: ^1.0.2
723 silly fetch manifest gopd@^1.2.0
724 silly packumentCache full:https://registry.npmjs.org/gopd cache-miss
725 silly fetch manifest get-proto@^1.0.1
726 silly packumentCache full:https://registry.npmjs.org/get-proto cache-miss
727 silly fetch manifest has-symbols@^1.1.0
728 silly packumentCache full:https://registry.npmjs.org/has-symbols cache-miss
729 silly fetch manifest es-object-atoms@^1.1.1
730 silly packumentCache full:https://registry.npmjs.org/es-object-atoms cache-miss
731 silly fetch manifest math-intrinsics@^1.1.0
732 silly packumentCache full:https://registry.npmjs.org/math-intrinsics cache-miss
733 silly fetch manifest es-define-property@^1.0.1
734 silly packumentCache full:https://registry.npmjs.org/es-define-property cache-miss
735 silly fetch manifest call-bind-apply-helpers@^1.0.2
736 silly packumentCache full:https://registry.npmjs.org/call-bind-apply-helpers cache-miss
737 http fetch GET 200 https://registry.npmjs.org/get-proto 190ms (cache revalidated)
738 silly packumentCache full:https://registry.npmjs.org/get-proto set size:8300 disposed:false
739 silly fetch manifest has-symbols@^1.0.3
740 silly packumentCache full:https://registry.npmjs.org/has-symbols cache-miss
741 http fetch GET 200 https://registry.npmjs.org/gopd 208ms (cache revalidated)
742 silly packumentCache full:https://registry.npmjs.org/gopd set size:11483 disposed:false
743 http fetch GET 200 https://registry.npmjs.org/call-bind-apply-helpers 240ms (cache revalidated)
744 silly packumentCache full:https://registry.npmjs.org/call-bind-apply-helpers set size:12744 disposed:false
745 http fetch GET 200 https://registry.npmjs.org/es-define-property 252ms (cache revalidated)
746 silly packumentCache full:https://registry.npmjs.org/es-define-property set size:8542 disposed:false
747 http fetch GET 200 https://registry.npmjs.org/es-object-atoms 270ms (cache revalidated)
748 silly packumentCache full:https://registry.npmjs.org/es-object-atoms set size:18278 disposed:false
749 http fetch GET 200 https://registry.npmjs.org/math-intrinsics 273ms (cache revalidated)
750 silly packumentCache full:https://registry.npmjs.org/math-intrinsics set size:9265 disposed:false
751 http fetch GET 200 https://registry.npmjs.org/has-symbols 287ms (cache revalidated)
752 silly packumentCache full:https://registry.npmjs.org/has-symbols set size:21550 disposed:false
753 http fetch GET 200 https://registry.npmjs.org/has-symbols 253ms (cache revalidated)
754 silly packumentCache full:https://registry.npmjs.org/has-symbols set size:21550 disposed:false
755 silly packumentCache full:https://registry.npmjs.org/has-symbols dispose
756 silly placeDep node_modules/@bubblewrap/cli call-bind-apply-helpers@1.0.2 OK for: get-intrinsic@1.3.0 want: ^1.0.2
757 silly placeDep node_modules/@bubblewrap/cli es-define-property@1.0.1 OK for: get-intrinsic@1.3.0 want: ^1.0.1
758 silly placeDep node_modules/@bubblewrap/cli es-object-atoms@1.1.2 OK for: get-intrinsic@1.3.0 want: ^1.1.1
759 silly placeDep node_modules/@bubblewrap/cli function-bind@1.1.2 OK for: get-intrinsic@1.3.0 want: ^1.1.2
760 silly placeDep node_modules/@bubblewrap/cli get-proto@1.0.1 OK for: get-intrinsic@1.3.0 want: ^1.0.1
761 silly placeDep node_modules/@bubblewrap/cli gopd@1.2.0 OK for: get-intrinsic@1.3.0 want: ^1.2.0
762 silly placeDep node_modules/@bubblewrap/cli has-symbols@1.1.0 OK for: get-intrinsic@1.3.0 want: ^1.1.0
763 silly placeDep node_modules/@bubblewrap/cli math-intrinsics@1.1.0 OK for: get-intrinsic@1.3.0 want: ^1.1.0
764 silly fetch manifest dunder-proto@^1.0.1
765 silly packumentCache full:https://registry.npmjs.org/dunder-proto cache-miss
766 http fetch GET 200 https://registry.npmjs.org/dunder-proto 211ms (cache revalidated)
767 silly packumentCache full:https://registry.npmjs.org/dunder-proto set size:8256 disposed:false
768 silly placeDep node_modules/@bubblewrap/cli dunder-proto@1.0.1 OK for: get-proto@1.0.1 want: ^1.0.1
769 silly placeDep node_modules/@bubblewrap/cli google-auth-library@7.14.1 OK for: googleapis@81.0.0 want: ^7.0.2
770 silly placeDep node_modules/@bubblewrap/cli googleapis-common@5.1.0 OK for: googleapis@81.0.0 want: ^5.0.2
771 silly fetch manifest jws@^4.0.0
772 silly packumentCache full:https://registry.npmjs.org/jws cache-miss
773 silly fetch manifest arrify@^2.0.0
774 silly packumentCache full:https://registry.npmjs.org/arrify cache-miss
775 silly fetch manifest gaxios@^4.0.0
776 silly packumentCache full:https://registry.npmjs.org/gaxios cache-miss
777 silly fetch manifest gtoken@^5.0.4
778 silly packumentCache full:https://registry.npmjs.org/gtoken cache-miss
779 silly fetch manifest base64-js@^1.3.0
780 silly packumentCache full:https://registry.npmjs.org/base64-js cache-miss
781 silly fetch manifest lru-cache@^6.0.0
782 silly packumentCache full:https://registry.npmjs.org/lru-cache cache-miss
783 silly fetch manifest gcp-metadata@^4.2.0
784 silly packumentCache full:https://registry.npmjs.org/gcp-metadata cache-miss
785 http fetch GET 200 https://registry.npmjs.org/arrify 311ms (cache miss)
786 silly packumentCache full:https://registry.npmjs.org/arrify set size:undefined disposed:false
787 silly fetch manifest fast-text-encoding@^1.0.0
788 silly packumentCache full:https://registry.npmjs.org/fast-text-encoding cache-miss
789 http fetch GET 200 https://registry.npmjs.org/base64-js 395ms (cache miss)
790 silly packumentCache full:https://registry.npmjs.org/base64-js set size:undefined disposed:false
791 silly fetch manifest ecdsa-sig-formatter@^1.0.11
792 silly packumentCache full:https://registry.npmjs.org/ecdsa-sig-formatter cache-miss
793 http fetch GET 200 https://registry.npmjs.org/ecdsa-sig-formatter 349ms (cache miss)
794 silly packumentCache full:https://registry.npmjs.org/ecdsa-sig-formatter set size:undefined disposed:false
795 silly fetch manifest qs@^6.7.0
796 silly packumentCache full:https://registry.npmjs.org/qs cache-miss
797 http fetch GET 200 https://registry.npmjs.org/gcp-metadata 790ms (cache miss)
798 silly packumentCache full:https://registry.npmjs.org/gcp-metadata set size:undefined disposed:false
799 silly fetch manifest uuid@^8.0.0
800 silly packumentCache full:https://registry.npmjs.org/uuid cache-miss
801 http fetch GET 200 https://registry.npmjs.org/jws 875ms (cache miss)
802 silly packumentCache full:https://registry.npmjs.org/jws set size:undefined disposed:false
803 silly fetch manifest extend@^3.0.2
804 silly packumentCache full:https://registry.npmjs.org/extend cache-miss
805 http fetch GET 200 https://registry.npmjs.org/gtoken 940ms (cache miss)
806 silly packumentCache full:https://registry.npmjs.org/gtoken set size:undefined disposed:false
807 silly fetch manifest gaxios@^4.0.0
808 silly packumentCache full:https://registry.npmjs.org/gaxios cache-miss
809 http fetch GET 200 https://registry.npmjs.org/qs 219ms (cache revalidated)
810 silly packumentCache full:https://registry.npmjs.org/qs set size:360318 disposed:false
811 silly fetch manifest url-template@^2.0.8
812 silly packumentCache full:https://registry.npmjs.org/url-template cache-miss
813 http fetch GET 200 https://registry.npmjs.org/fast-text-encoding 700ms (cache miss)
814 silly packumentCache full:https://registry.npmjs.org/fast-text-encoding set size:undefined disposed:false
815 http fetch GET 200 https://registry.npmjs.org/url-template 277ms (cache miss)
816 silly packumentCache full:https://registry.npmjs.org/url-template set size:undefined disposed:false
817 http fetch GET 200 https://registry.npmjs.org/lru-cache 1719ms (cache miss)
818 silly packumentCache full:https://registry.npmjs.org/lru-cache set size:undefined disposed:false
819 http fetch GET 200 https://registry.npmjs.org/uuid 955ms (cache miss)
820 silly packumentCache full:https://registry.npmjs.org/uuid set size:undefined disposed:false
821 http fetch GET 200 https://registry.npmjs.org/gaxios 1799ms (cache miss)
822 silly packumentCache full:https://registry.npmjs.org/gaxios set size:undefined disposed:false
823 http fetch GET 200 https://registry.npmjs.org/gaxios 985ms (cache miss)
824 silly packumentCache full:https://registry.npmjs.org/gaxios set size:undefined disposed:false
825 http fetch GET 200 https://registry.npmjs.org/extend 2057ms (cache miss)
826 silly packumentCache full:https://registry.npmjs.org/extend set size:undefined disposed:false
827 silly placeDep node_modules/@bubblewrap/cli arrify@2.0.1 OK for: google-auth-library@7.14.1 want: ^2.0.0
828 silly placeDep node_modules/@bubblewrap/cli base64-js@1.5.1 OK for: google-auth-library@7.14.1 want: ^1.3.0
829 silly placeDep node_modules/@bubblewrap/cli ecdsa-sig-formatter@1.0.11 OK for: google-auth-library@7.14.1 want: ^1.0.11
830 silly placeDep node_modules/@bubblewrap/cli fast-text-encoding@1.0.6 OK for: google-auth-library@7.14.1 want: ^1.0.0
831 silly placeDep node_modules/@bubblewrap/cli gaxios@4.3.3 OK for: google-auth-library@7.14.1 want: ^4.0.0
832 silly placeDep node_modules/@bubblewrap/cli gcp-metadata@4.3.1 OK for: google-auth-library@7.14.1 want: ^4.2.0
833 silly placeDep node_modules/@bubblewrap/cli gtoken@5.3.2 OK for: google-auth-library@7.14.1 want: ^5.0.4
834 silly placeDep node_modules/@bubblewrap/cli jws@4.0.1 OK for: google-auth-library@7.14.1 want: ^4.0.0
835 silly placeDep node_modules/@bubblewrap/cli lru-cache@6.0.0 OK for: google-auth-library@7.14.1 want: ^6.0.0
836 silly fetch manifest safe-buffer@^5.0.1
837 silly packumentCache full:https://registry.npmjs.org/safe-buffer cache-hit
838 silly fetch manifest is-stream@^2.0.0
839 silly packumentCache full:https://registry.npmjs.org/is-stream cache-miss
840 silly fetch manifest abort-controller@^3.0.0
841 silly packumentCache full:https://registry.npmjs.org/abort-controller cache-miss
842 silly fetch manifest https-proxy-agent@^5.0.0
843 silly packumentCache full:https://registry.npmjs.org/https-proxy-agent cache-miss
844 silly fetch manifest json-bigint@^1.0.0
845 silly packumentCache full:https://registry.npmjs.org/json-bigint cache-miss
846 silly fetch manifest google-p12-pem@^3.1.3
847 silly packumentCache full:https://registry.npmjs.org/google-p12-pem cache-miss
848 silly fetch manifest jwa@^2.0.1
849 silly packumentCache full:https://registry.npmjs.org/jwa cache-miss
850 silly fetch manifest yallist@^4.0.0
851 silly packumentCache full:https://registry.npmjs.org/yallist cache-miss
852 http cache https://registry.npmjs.org/yallist 43ms (cache hit)
853 silly packumentCache full:https://registry.npmjs.org/yallist set size:34610 disposed:false
854 http fetch GET 200 https://registry.npmjs.org/is-stream 320ms (cache miss)
855 silly packumentCache full:https://registry.npmjs.org/is-stream set size:undefined disposed:false
856 http fetch GET 200 https://registry.npmjs.org/abort-controller 382ms (cache miss)
857 silly packumentCache full:https://registry.npmjs.org/abort-controller set size:undefined disposed:false
858 http fetch GET 200 https://registry.npmjs.org/jwa 379ms (cache miss)
859 silly packumentCache full:https://registry.npmjs.org/jwa set size:undefined disposed:false
860 http fetch GET 200 https://registry.npmjs.org/json-bigint 398ms (cache miss)
861 silly packumentCache full:https://registry.npmjs.org/json-bigint set size:undefined disposed:false
862 http fetch GET 200 https://registry.npmjs.org/https-proxy-agent 492ms (cache miss)
863 silly packumentCache full:https://registry.npmjs.org/https-proxy-agent set size:undefined disposed:false
864 http fetch GET 200 https://registry.npmjs.org/google-p12-pem 843ms (cache miss)
865 silly packumentCache full:https://registry.npmjs.org/google-p12-pem set size:undefined disposed:false
866 silly placeDep node_modules/@bubblewrap/cli safe-buffer@5.2.1 OK for: ecdsa-sig-formatter@1.0.11 want: ^5.0.1
867 silly placeDep node_modules/@bubblewrap/cli abort-controller@3.0.0 OK for: gaxios@4.3.3 want: ^3.0.0
868 silly placeDep node_modules/@bubblewrap/cli extend@3.0.2 OK for: gaxios@4.3.3 want: ^3.0.2
869 silly placeDep node_modules/@bubblewrap/cli https-proxy-agent@5.0.1 OK for: gaxios@4.3.3 want: ^5.0.0
870 silly placeDep node_modules/@bubblewrap/cli is-stream@2.0.1 OK for: gaxios@4.3.3 want: ^2.0.0
871 silly fetch manifest event-target-shim@^5.0.0
872 silly packumentCache full:https://registry.npmjs.org/event-target-shim cache-miss
873 silly fetch manifest debug@4
874 silly packumentCache full:https://registry.npmjs.org/debug cache-hit
875 silly fetch manifest agent-base@6
876 silly packumentCache full:https://registry.npmjs.org/agent-base cache-miss
877 http fetch GET 200 https://registry.npmjs.org/agent-base 466ms (cache miss)
878 silly packumentCache full:https://registry.npmjs.org/agent-base set size:undefined disposed:false
879 http fetch GET 200 https://registry.npmjs.org/event-target-shim 1783ms (cache miss)
880 silly packumentCache full:https://registry.npmjs.org/event-target-shim set size:undefined disposed:false
881 silly placeDep node_modules/@bubblewrap/cli event-target-shim@5.0.1 OK for: abort-controller@3.0.0 want: ^5.0.0
882 silly placeDep node_modules/@bubblewrap/cli json-bigint@1.0.0 OK for: gcp-metadata@4.3.1 want: ^1.0.0
883 silly fetch manifest bignumber.js@^9.0.0
884 silly packumentCache full:https://registry.npmjs.org/bignumber.js cache-miss
885 http fetch GET 200 https://registry.npmjs.org/bignumber.js 681ms (cache miss)
886 silly packumentCache full:https://registry.npmjs.org/bignumber.js set size:undefined disposed:false
887 silly placeDep node_modules/@bubblewrap/cli qs@6.15.3 OK for: googleapis-common@5.1.0 want: ^6.7.0
888 silly placeDep node_modules/@bubblewrap/cli url-template@2.0.8 OK for: googleapis-common@5.1.0 want: ^2.0.8
889 silly placeDep node_modules/@bubblewrap/cli uuid@8.3.2 OK for: googleapis-common@5.1.0 want: ^8.0.0
890 silly fetch manifest side-channel@^1.1.1
891 silly packumentCache full:https://registry.npmjs.org/side-channel cache-miss
892 http fetch GET 200 https://registry.npmjs.org/side-channel 234ms (cache revalidated)
893 silly packumentCache full:https://registry.npmjs.org/side-channel set size:27650 disposed:false
894 silly placeDep node_modules/@bubblewrap/cli google-p12-pem@3.1.4 OK for: gtoken@5.3.2 want: ^3.1.3
895 silly fetch manifest node-forge@^1.3.1
896 silly packumentCache full:https://registry.npmjs.org/node-forge cache-miss
897 http fetch GET 200 https://registry.npmjs.org/node-forge 891ms (cache miss)
898 silly packumentCache full:https://registry.npmjs.org/node-forge set size:undefined disposed:false
899 silly placeDep node_modules/@bubblewrap/cli node-forge@1.4.0 OK for: google-p12-pem@3.1.4 want: ^1.3.1
900 silly placeDep node_modules/@bubblewrap/cli agent-base@6.0.2 OK for: https-proxy-agent@5.0.1 want: 6
901 silly placeDep node_modules/@bubblewrap/cli/node_modules/https-proxy-agent debug@4.4.3 OK for: https-proxy-agent@5.0.1 want: 4
902 silly fetch manifest ms@^2.1.3
903 silly packumentCache full:https://registry.npmjs.org/ms cache-hit
904 silly placeDep node_modules/@bubblewrap/cli/node_modules/agent-base debug@4.4.3 OK for: agent-base@6.0.2 want: 4
905 silly fetch manifest @types/node@>=18
906 silly packumentCache full:https://registry.npmjs.org/@types%2fnode cache-miss
907 http cache https://registry.npmjs.org/@types%2fnode 115ms (cache hit)
908 silly packumentCache full:https://registry.npmjs.org/@types%2fnode set size:11092436 disposed:false
909 silly placeDep node_modules/@bubblewrap/cli @inquirer/external-editor@1.0.3 OK for: inquirer@8.2.7 want: ^1.0.0
910 silly placeDep node_modules/@bubblewrap/cli ansi-escapes@4.3.2 OK for: inquirer@8.2.7 want: ^4.2.1
911 silly placeDep node_modules/@bubblewrap/cli chalk@4.1.2 OK for: inquirer@8.2.7 want: ^4.1.1
912 silly placeDep node_modules/@bubblewrap/cli cli-cursor@3.1.0 OK for: inquirer@8.2.7 want: ^3.1.0
913 silly placeDep node_modules/@bubblewrap/cli cli-width@3.0.0 OK for: inquirer@8.2.7 want: ^3.0.0
914 silly placeDep node_modules/@bubblewrap/cli figures@3.2.0 OK for: inquirer@8.2.7 want: ^3.0.0
915 silly placeDep node_modules/@bubblewrap/cli mute-stream@0.0.8 OK for: inquirer@8.2.7 want: 0.0.8
916 silly placeDep node_modules/@bubblewrap/cli ora@5.4.1 OK for: inquirer@8.2.7 want: ^5.4.1
917 silly placeDep node_modules/@bubblewrap/cli run-async@2.4.1 OK for: inquirer@8.2.7 want: ^2.4.0
918 silly placeDep node_modules/@bubblewrap/cli strip-ansi@6.0.1 OK for: inquirer@8.2.7 want: ^6.0.0
919 silly placeDep node_modules/@bubblewrap/cli through@2.3.8 OK for: inquirer@8.2.7 want: ^2.3.6
920 silly placeDep node_modules/@bubblewrap/cli wrap-ansi@6.2.0 OK for: inquirer@8.2.7 want: ^6.0.1
921 silly fetch manifest chardet@^2.1.1
922 silly packumentCache full:https://registry.npmjs.org/chardet cache-miss
923 silly fetch manifest iconv-lite@^0.7.0
924 silly packumentCache full:https://registry.npmjs.org/iconv-lite cache-miss
925 silly fetch manifest type-fest@^0.21.3
926 silly packumentCache full:https://registry.npmjs.org/type-fest cache-miss
927 silly fetch manifest ansi-styles@^4.1.0
928 silly packumentCache full:https://registry.npmjs.org/ansi-styles cache-miss
929 silly fetch manifest supports-color@^7.1.0
930 silly packumentCache full:https://registry.npmjs.org/supports-color cache-miss
931 silly fetch manifest restore-cursor@^3.1.0
932 silly packumentCache full:https://registry.npmjs.org/restore-cursor cache-miss
933 silly fetch manifest escape-string-regexp@^1.0.5
934 silly packumentCache full:https://registry.npmjs.org/escape-string-regexp cache-miss
935 http fetch GET 200 https://registry.npmjs.org/supports-color 420ms (cache revalidated)
936 silly packumentCache full:https://registry.npmjs.org/supports-color set size:124169 disposed:false
937 silly fetch manifest bl@^4.1.0
938 silly packumentCache full:https://registry.npmjs.org/bl cache-miss
939 http fetch GET 200 https://registry.npmjs.org/iconv-lite 512ms (cache revalidated)
940 silly packumentCache full:https://registry.npmjs.org/iconv-lite set size:126462 disposed:false
941 silly fetch manifest wcwidth@^1.0.1
942 silly packumentCache full:https://registry.npmjs.org/wcwidth cache-miss
943 http fetch GET 200 https://registry.npmjs.org/ansi-styles 556ms (cache revalidated)
944 silly packumentCache full:https://registry.npmjs.org/ansi-styles set size:71772 disposed:false
945 silly fetch manifest log-symbols@^4.1.0
946 silly packumentCache full:https://registry.npmjs.org/log-symbols cache-miss
947 http fetch GET 200 https://registry.npmjs.org/restore-cursor 615ms (cache miss)
948 silly packumentCache full:https://registry.npmjs.org/restore-cursor set size:undefined disposed:false
949 silly fetch manifest cli-spinners@^2.5.0
950 silly packumentCache full:https://registry.npmjs.org/cli-spinners cache-miss
951 http fetch GET 200 https://registry.npmjs.org/chardet 684ms (cache miss)
952 silly packumentCache full:https://registry.npmjs.org/chardet set size:undefined disposed:false
953 silly fetch manifest is-interactive@^1.0.0
954 silly packumentCache full:https://registry.npmjs.org/is-interactive cache-miss
955 http fetch GET 200 https://registry.npmjs.org/escape-string-regexp 714ms (cache miss)
956 silly packumentCache full:https://registry.npmjs.org/escape-string-regexp set size:undefined disposed:false
957 silly fetch manifest is-unicode-supported@^0.1.0
958 silly packumentCache full:https://registry.npmjs.org/is-unicode-supported cache-miss
959 http fetch GET 200 https://registry.npmjs.org/wcwidth 330ms (cache miss)
960 silly packumentCache full:https://registry.npmjs.org/wcwidth set size:undefined disposed:false
961 silly fetch manifest ansi-regex@^5.0.1
962 silly packumentCache full:https://registry.npmjs.org/ansi-regex cache-miss
963 http fetch GET 200 https://registry.npmjs.org/log-symbols 345ms (cache miss)
964 silly packumentCache full:https://registry.npmjs.org/log-symbols set size:undefined disposed:false
965 silly fetch manifest ansi-styles@^4.0.0
966 silly packumentCache full:https://registry.npmjs.org/ansi-styles cache-hit
967 http fetch GET 200 https://registry.npmjs.org/is-interactive 299ms (cache miss)
968 silly packumentCache full:https://registry.npmjs.org/is-interactive set size:undefined disposed:false
969 http fetch GET 200 https://registry.npmjs.org/cli-spinners 386ms (cache miss)
970 silly packumentCache full:https://registry.npmjs.org/cli-spinners set size:undefined disposed:false
971 http fetch GET 200 https://registry.npmjs.org/bl 763ms (cache miss)
972 silly packumentCache full:https://registry.npmjs.org/bl set size:undefined disposed:false
973 http fetch GET 200 https://registry.npmjs.org/is-unicode-supported 548ms (cache miss)
974 silly packumentCache full:https://registry.npmjs.org/is-unicode-supported set size:undefined disposed:false
975 http fetch GET 200 https://registry.npmjs.org/ansi-regex 545ms (cache miss)
976 silly packumentCache full:https://registry.npmjs.org/ansi-regex set size:undefined disposed:false
977 http fetch GET 200 https://registry.npmjs.org/type-fest 1777ms (cache miss)
978 silly packumentCache full:https://registry.npmjs.org/type-fest set size:undefined disposed:false
979 silly placeDep node_modules/@bubblewrap/cli chardet@2.2.0 OK for: @inquirer/external-editor@1.0.3 want: ^2.1.1
980 silly placeDep node_modules/@bubblewrap/cli iconv-lite@0.7.3 OK for: @inquirer/external-editor@1.0.3 want: ^0.7.0
981 silly fetch manifest safer-buffer@>= 2.1.2 < 3.0.0
982 silly packumentCache full:https://registry.npmjs.org/safer-buffer cache-miss
983 http fetch GET 200 https://registry.npmjs.org/safer-buffer 314ms (cache revalidated)
984 silly packumentCache full:https://registry.npmjs.org/safer-buffer set size:18521 disposed:false
985 silly placeDep node_modules/@bubblewrap/cli type-fest@0.21.3 OK for: ansi-escapes@4.3.2 want: ^0.21.3
986 silly placeDep node_modules/@bubblewrap/cli ansi-styles@4.3.0 OK for: chalk@4.1.2 want: ^4.1.0
987 silly placeDep node_modules/@bubblewrap/cli supports-color@7.2.0 OK for: chalk@4.1.2 want: ^7.1.0
988 silly fetch manifest color-convert@^2.0.1
989 silly packumentCache full:https://registry.npmjs.org/color-convert cache-hit
990 silly fetch manifest has-flag@^4.0.0
991 silly packumentCache full:https://registry.npmjs.org/has-flag cache-miss
992 http fetch GET 200 https://registry.npmjs.org/has-flag 186ms (cache revalidated)
993 silly packumentCache full:https://registry.npmjs.org/has-flag set size:15180 disposed:false
994 silly placeDep node_modules/@bubblewrap/cli/node_modules/ansi-styles color-convert@2.0.1 OK for: ansi-styles@4.3.0 want: ^2.0.1
995 silly fetch manifest color-name@~1.1.4
996 silly packumentCache full:https://registry.npmjs.org/color-name cache-hit
997 silly placeDep node_modules/@bubblewrap/cli restore-cursor@3.1.0 OK for: cli-cursor@3.1.0 want: ^3.1.0
998 silly fetch manifest onetime@^5.1.0
999 silly packumentCache full:https://registry.npmjs.org/onetime cache-miss
1000 silly fetch manifest signal-exit@^3.0.2
1001 silly packumentCache full:https://registry.npmjs.org/signal-exit cache-miss
1002 http fetch GET 200 https://registry.npmjs.org/onetime 311ms (cache miss)
1003 silly packumentCache full:https://registry.npmjs.org/onetime set size:undefined disposed:false
1004 http fetch GET 200 https://registry.npmjs.org/signal-exit 357ms (cache miss)
1005 silly packumentCache full:https://registry.npmjs.org/signal-exit set size:undefined disposed:false
1006 silly placeDep node_modules/@bubblewrap/cli escape-string-regexp@1.0.5 OK for: figures@3.2.0 want: ^1.0.5
1007 silly placeDep node_modules/@bubblewrap/cli safer-buffer@2.1.2 OK for: iconv-lite@0.7.3 want: >= 2.1.2 < 3.0.0
1008 silly placeDep node_modules/@bubblewrap/cli @jimp/custom@0.22.12 OK for: jimp@0.22.12 want: ^0.22.12
1009 silly placeDep node_modules/@bubblewrap/cli @jimp/plugins@0.22.12 OK for: jimp@0.22.12 want: ^0.22.12
1010 silly placeDep node_modules/@bubblewrap/cli @jimp/types@0.22.12 OK for: jimp@0.22.12 want: ^0.22.12
1011 silly placeDep node_modules/@bubblewrap/cli regenerator-runtime@0.13.11 OK for: jimp@0.22.12 want: ^0.13.3
1012 silly fetch manifest @jimp/core@^0.22.12
1013 silly packumentCache full:https://registry.npmjs.org/@jimp%2fcore cache-miss
1014 silly fetch manifest @jimp/plugin-blit@^0.22.12
1015 silly packumentCache full:https://registry.npmjs.org/@jimp%2fplugin-blit cache-miss
1016 silly fetch manifest @jimp/plugin-blur@^0.22.12
1017 silly packumentCache full:https://registry.npmjs.org/@jimp%2fplugin-blur cache-miss
1018 silly fetch manifest @jimp/plugin-circle@^0.22.12
1019 silly packumentCache full:https://registry.npmjs.org/@jimp%2fplugin-circle cache-miss
1020 silly fetch manifest @jimp/plugin-color@^0.22.12
1021 silly packumentCache full:https://registry.npmjs.org/@jimp%2fplugin-color cache-miss
1022 silly fetch manifest @jimp/plugin-contain@^0.22.12
1023 silly packumentCache full:https://registry.npmjs.org/@jimp%2fplugin-contain cache-miss
1024 silly fetch manifest @jimp/plugin-cover@^0.22.12
1025 silly packumentCache full:https://registry.npmjs.org/@jimp%2fplugin-cover cache-miss
1026 http fetch GET 200 https://registry.npmjs.org/@jimp%2fplugin-color 4395ms (cache miss)
1027 silly packumentCache full:https://registry.npmjs.org/@jimp%2fplugin-color set size:undefined disposed:false
1028 silly fetch manifest @jimp/plugin-crop@^0.22.12
1029 silly packumentCache full:https://registry.npmjs.org/@jimp%2fplugin-crop cache-miss
1030 http fetch GET 200 https://registry.npmjs.org/@jimp%2fcore 4504ms (cache miss)
1031 silly packumentCache full:https://registry.npmjs.org/@jimp%2fcore set size:undefined disposed:false
1032 silly fetch manifest @jimp/plugin-displace@^0.22.12
1033 silly packumentCache full:https://registry.npmjs.org/@jimp%2fplugin-displace cache-miss
1034 http fetch GET 200 https://registry.npmjs.org/@jimp%2fplugin-contain 4537ms (cache miss)
1035 silly packumentCache full:https://registry.npmjs.org/@jimp%2fplugin-contain set size:undefined disposed:false
1036 silly fetch manifest @jimp/plugin-dither@^0.22.12
1037 silly packumentCache full:https://registry.npmjs.org/@jimp%2fplugin-dither cache-miss
1038 http fetch GET 200 https://registry.npmjs.org/@jimp%2fplugin-circle 5200ms (cache miss)
1039 silly packumentCache full:https://registry.npmjs.org/@jimp%2fplugin-circle set size:undefined disposed:false
1040 silly fetch manifest @jimp/plugin-fisheye@^0.22.12
1041 silly packumentCache full:https://registry.npmjs.org/@jimp%2fplugin-fisheye cache-miss
1042 http fetch GET 200 https://registry.npmjs.org/@jimp%2fplugin-displace 3527ms (cache miss)
1043 silly packumentCache full:https://registry.npmjs.org/@jimp%2fplugin-displace set size:undefined disposed:false
1044 silly fetch manifest @jimp/plugin-flip@^0.22.12
1045 silly packumentCache full:https://registry.npmjs.org/@jimp%2fplugin-flip cache-miss
1046 http fetch GET 200 https://registry.npmjs.org/@jimp%2fplugin-blur 8097ms (cache miss)
1047 silly packumentCache full:https://registry.npmjs.org/@jimp%2fplugin-blur set size:undefined disposed:false
1048 silly fetch manifest @jimp/plugin-gaussian@^0.22.12
1049 silly packumentCache full:https://registry.npmjs.org/@jimp%2fplugin-gaussian cache-miss
1050 http fetch GET 200 https://registry.npmjs.org/@jimp%2fplugin-crop 4220ms (cache miss)
1051 silly packumentCache full:https://registry.npmjs.org/@jimp%2fplugin-crop set size:undefined disposed:false
1052 silly fetch manifest @jimp/plugin-invert@^0.22.12
1053 silly packumentCache full:https://registry.npmjs.org/@jimp%2fplugin-invert cache-miss
1054 http fetch GET 200 https://registry.npmjs.org/@jimp%2fplugin-cover 9177ms (cache miss)
1055 silly packumentCache full:https://registry.npmjs.org/@jimp%2fplugin-cover set size:undefined disposed:false
1056 silly fetch manifest @jimp/plugin-mask@^0.22.12
1057 silly packumentCache full:https://registry.npmjs.org/@jimp%2fplugin-mask cache-miss
1058 http fetch GET 200 https://registry.npmjs.org/@jimp%2fplugin-dither 4682ms (cache miss)
1059 silly packumentCache full:https://registry.npmjs.org/@jimp%2fplugin-dither set size:undefined disposed:false
1060 silly fetch manifest @jimp/plugin-normalize@^0.22.12
1061 silly packumentCache full:https://registry.npmjs.org/@jimp%2fplugin-normalize cache-miss
1062 http fetch GET 200 https://registry.npmjs.org/@jimp%2fplugin-fisheye 5666ms (cache miss)
1063 silly packumentCache full:https://registry.npmjs.org/@jimp%2fplugin-fisheye set size:undefined disposed:false
1064 silly fetch manifest @jimp/plugin-print@^0.22.12
1065 silly packumentCache full:https://registry.npmjs.org/@jimp%2fplugin-print cache-miss
1066 http fetch GET 200 https://registry.npmjs.org/@jimp%2fplugin-flip 2880ms (cache miss)
1067 silly packumentCache full:https://registry.npmjs.org/@jimp%2fplugin-flip set size:undefined disposed:false
1068 silly fetch manifest @jimp/plugin-resize@^0.22.12
1069 silly packumentCache full:https://registry.npmjs.org/@jimp%2fplugin-resize cache-miss
1070 http fetch GET 200 https://registry.npmjs.org/@jimp%2fplugin-blit 11027ms (cache miss)
1071 silly packumentCache full:https://registry.npmjs.org/@jimp%2fplugin-blit set size:undefined disposed:false
1072 silly fetch manifest @jimp/plugin-rotate@^0.22.12
1073 silly packumentCache full:https://registry.npmjs.org/@jimp%2fplugin-rotate cache-miss
1074 http fetch GET 200 https://registry.npmjs.org/@jimp%2fplugin-resize 2644ms (cache miss)
1075 silly packumentCache full:https://registry.npmjs.org/@jimp%2fplugin-resize set size:undefined disposed:false
1076 silly fetch manifest @jimp/plugin-scale@^0.22.12
1077 silly packumentCache full:https://registry.npmjs.org/@jimp%2fplugin-scale cache-miss
1078 http fetch GET 200 https://registry.npmjs.org/@jimp%2fplugin-invert 4986ms (cache miss)
1079 silly packumentCache full:https://registry.npmjs.org/@jimp%2fplugin-invert set size:undefined disposed:false
1080 silly fetch manifest @jimp/plugin-shadow@^0.22.12
1081 silly packumentCache full:https://registry.npmjs.org/@jimp%2fplugin-shadow cache-miss
1082 http fetch GET 200 https://registry.npmjs.org/@jimp%2fplugin-normalize 4918ms (cache miss)
1083 silly packumentCache full:https://registry.npmjs.org/@jimp%2fplugin-normalize set size:undefined disposed:false
1084 silly fetch manifest @jimp/plugin-threshold@^0.22.12
1085 silly packumentCache full:https://registry.npmjs.org/@jimp%2fplugin-threshold cache-miss
1086 http fetch GET 200 https://registry.npmjs.org/@jimp%2fplugin-rotate 5503ms (cache miss)
1087 silly packumentCache full:https://registry.npmjs.org/@jimp%2fplugin-rotate set size:undefined disposed:false
1088 silly fetch manifest timm@^1.6.1
1089 silly packumentCache full:https://registry.npmjs.org/timm cache-miss
1090 http fetch GET 200 https://registry.npmjs.org/@jimp%2fplugin-scale 3303ms (cache miss)
1091 silly packumentCache full:https://registry.npmjs.org/@jimp%2fplugin-scale set size:undefined disposed:false
1092 silly fetch manifest timm@^1.6.1
1093 silly packumentCache full:https://registry.npmjs.org/timm cache-miss
1094 http fetch GET 200 https://registry.npmjs.org/@jimp%2fplugin-print 6128ms (cache miss)
1095 silly packumentCache full:https://registry.npmjs.org/@jimp%2fplugin-print set size:undefined disposed:false
1096 silly fetch manifest @jimp/bmp@^0.22.12
1097 silly packumentCache full:https://registry.npmjs.org/@jimp%2fbmp cache-miss
1098 http fetch GET 200 https://registry.npmjs.org/@jimp%2fplugin-gaussian 9150ms (cache miss)
1099 silly packumentCache full:https://registry.npmjs.org/@jimp%2fplugin-gaussian set size:undefined disposed:false
1100 silly fetch manifest @jimp/gif@^0.22.12
1101 silly packumentCache full:https://registry.npmjs.org/@jimp%2fgif cache-miss
1102 http fetch GET 200 https://registry.npmjs.org/timm 724ms (cache miss)
1103 silly packumentCache full:https://registry.npmjs.org/timm set size:undefined disposed:false
1104 silly fetch manifest @jimp/png@^0.22.12
1105 silly packumentCache full:https://registry.npmjs.org/@jimp%2fpng cache-miss
1106 http fetch GET 200 https://registry.npmjs.org/timm 481ms (cache miss)
1107 silly packumentCache full:https://registry.npmjs.org/timm set size:undefined disposed:false
1108 silly fetch manifest @jimp/jpeg@^0.22.12
1109 silly packumentCache full:https://registry.npmjs.org/@jimp%2fjpeg cache-miss
1110 http fetch GET 200 https://registry.npmjs.org/@jimp%2fplugin-shadow 4141ms (cache miss)
1111 silly packumentCache full:https://registry.npmjs.org/@jimp%2fplugin-shadow set size:undefined disposed:false
1112 silly fetch manifest @jimp/tiff@^0.22.12
1113 silly packumentCache full:https://registry.npmjs.org/@jimp%2ftiff cache-miss
1114 http fetch GET 200 https://registry.npmjs.org/@jimp%2fplugin-mask 8779ms (cache miss)
1115 silly packumentCache full:https://registry.npmjs.org/@jimp%2fplugin-mask set size:undefined disposed:false
1116 http fetch GET 200 https://registry.npmjs.org/@jimp%2fplugin-threshold 5004ms (cache miss)
1117 silly packumentCache full:https://registry.npmjs.org/@jimp%2fplugin-threshold set size:undefined disposed:false
1118 http fetch GET 200 https://registry.npmjs.org/@jimp%2fpng 3546ms (cache miss)
1119 silly packumentCache full:https://registry.npmjs.org/@jimp%2fpng set size:undefined disposed:false
1120 http fetch GET 200 https://registry.npmjs.org/@jimp%2fjpeg 3486ms (cache miss)
1121 silly packumentCache full:https://registry.npmjs.org/@jimp%2fjpeg set size:undefined disposed:false
1122 http fetch GET 200 https://registry.npmjs.org/@jimp%2ftiff 3475ms (cache miss)
1123 silly packumentCache full:https://registry.npmjs.org/@jimp%2ftiff set size:undefined disposed:false
1124 http fetch GET 200 https://registry.npmjs.org/@jimp%2fbmp 5082ms (cache miss)
1125 silly packumentCache full:https://registry.npmjs.org/@jimp%2fbmp set size:undefined disposed:false
1126 http fetch GET 200 https://registry.npmjs.org/@jimp%2fgif 6444ms (cache miss)
1127 silly packumentCache full:https://registry.npmjs.org/@jimp%2fgif set size:undefined disposed:false
1128 silly placeDep node_modules/@bubblewrap/cli @jimp/core@0.22.12 OK for: @jimp/custom@0.22.12 want: ^0.22.12
1129 silly fetch manifest buffer@^5.2.0
1130 silly packumentCache full:https://registry.npmjs.org/buffer cache-miss
1131 silly fetch manifest any-base@^1.1.0
1132 silly packumentCache full:https://registry.npmjs.org/any-base cache-miss
1133 silly fetch manifest file-type@^16.5.4
1134 silly packumentCache full:https://registry.npmjs.org/file-type cache-miss
1135 silly fetch manifest pixelmatch@^4.0.2
1136 silly packumentCache full:https://registry.npmjs.org/pixelmatch cache-miss
1137 silly fetch manifest tinycolor2@^1.6.0
1138 silly packumentCache full:https://registry.npmjs.org/tinycolor2 cache-miss
1139 silly fetch manifest @jimp/utils@^0.22.12
1140 silly packumentCache full:https://registry.npmjs.org/@jimp%2futils cache-miss
1141 silly fetch manifest exif-parser@^0.1.12
1142 silly packumentCache full:https://registry.npmjs.org/exif-parser cache-miss
1143 http fetch GET 200 https://registry.npmjs.org/any-base 532ms (cache miss)
1144 silly packumentCache full:https://registry.npmjs.org/any-base set size:undefined disposed:false
1145 silly fetch manifest isomorphic-fetch@^3.0.0
1146 silly packumentCache full:https://registry.npmjs.org/isomorphic-fetch cache-miss
1147 http fetch GET 200 https://registry.npmjs.org/exif-parser 536ms (cache miss)
1148 silly packumentCache full:https://registry.npmjs.org/exif-parser set size:undefined disposed:false
1149 http fetch GET 200 https://registry.npmjs.org/tinycolor2 668ms (cache miss)
1150 silly packumentCache full:https://registry.npmjs.org/tinycolor2 set size:undefined disposed:false
1151 http fetch GET 200 https://registry.npmjs.org/pixelmatch 712ms (cache miss)
1152 silly packumentCache full:https://registry.npmjs.org/pixelmatch set size:undefined disposed:false
1153 http fetch GET 200 https://registry.npmjs.org/isomorphic-fetch 334ms (cache miss)
1154 silly packumentCache full:https://registry.npmjs.org/isomorphic-fetch set size:undefined disposed:false
1155 http fetch GET 200 https://registry.npmjs.org/file-type 1406ms (cache miss)
1156 silly packumentCache full:https://registry.npmjs.org/file-type set size:undefined disposed:false
1157 http fetch GET 200 https://registry.npmjs.org/buffer 1671ms (cache miss)
1158 silly packumentCache full:https://registry.npmjs.org/buffer set size:undefined disposed:false
1159 http fetch GET 200 https://registry.npmjs.org/@jimp%2futils 3540ms (cache miss)
1160 silly packumentCache full:https://registry.npmjs.org/@jimp%2futils set size:undefined disposed:false
1161 silly placeDep node_modules/@bubblewrap/cli @jimp/utils@0.22.12 OK for: @jimp/core@0.22.12 want: ^0.22.12
1162 silly placeDep node_modules/@bubblewrap/cli any-base@1.1.0 OK for: @jimp/core@0.22.12 want: ^1.1.0
1163 silly placeDep node_modules/@bubblewrap/cli buffer@5.7.1 OK for: @jimp/core@0.22.12 want: ^5.2.0
1164 silly placeDep node_modules/@bubblewrap/cli exif-parser@0.1.12 OK for: @jimp/core@0.22.12 want: ^0.1.12
1165 silly placeDep node_modules/@bubblewrap/cli file-type@16.5.4 OK for: @jimp/core@0.22.12 want: ^16.5.4
1166 silly placeDep node_modules/@bubblewrap/cli isomorphic-fetch@3.0.0 OK for: @jimp/core@0.22.12 want: ^3.0.0
1167 silly placeDep node_modules/@bubblewrap/cli pixelmatch@4.0.2 OK for: @jimp/core@0.22.12 want: ^4.0.2
1168 silly placeDep node_modules/@bubblewrap/cli tinycolor2@1.6.0 OK for: @jimp/core@0.22.12 want: ^1.6.0
1169 silly fetch manifest ieee754@^1.1.13
1170 silly packumentCache full:https://registry.npmjs.org/ieee754 cache-miss
1171 silly fetch manifest strtok3@^6.2.4
1172 silly packumentCache full:https://registry.npmjs.org/strtok3 cache-miss
1173 silly fetch manifest token-types@^4.1.1
1174 silly packumentCache full:https://registry.npmjs.org/token-types cache-miss
1175 silly fetch manifest readable-web-to-node-stream@^3.0.0
1176 silly packumentCache full:https://registry.npmjs.org/readable-web-to-node-stream cache-miss
1177 silly fetch manifest whatwg-fetch@^3.4.1
1178 silly packumentCache full:https://registry.npmjs.org/whatwg-fetch cache-miss
1179 silly fetch manifest pngjs@^3.0.0
1180 silly packumentCache full:https://registry.npmjs.org/pngjs cache-miss
1181 http fetch GET 200 https://registry.npmjs.org/ieee754 347ms (cache miss)
1182 silly packumentCache full:https://registry.npmjs.org/ieee754 set size:undefined disposed:false
1183 http fetch GET 200 https://registry.npmjs.org/readable-web-to-node-stream 377ms (cache miss)
1184 silly packumentCache full:https://registry.npmjs.org/readable-web-to-node-stream set size:undefined disposed:false
1185 http fetch GET 200 https://registry.npmjs.org/whatwg-fetch 579ms (cache miss)
1186 silly packumentCache full:https://registry.npmjs.org/whatwg-fetch set size:undefined disposed:false
1187 http fetch GET 200 https://registry.npmjs.org/token-types 726ms (cache miss)
1188 silly packumentCache full:https://registry.npmjs.org/token-types set size:undefined disposed:false
1189 http fetch GET 200 https://registry.npmjs.org/pngjs 765ms (cache miss)
1190 silly packumentCache full:https://registry.npmjs.org/pngjs set size:undefined disposed:false
1191 http fetch GET 200 https://registry.npmjs.org/strtok3 1027ms (cache miss)
1192 silly packumentCache full:https://registry.npmjs.org/strtok3 set size:undefined disposed:false
1193 silly fetch manifest @jimp/custom@>=0.3.5
1194 silly packumentCache full:https://registry.npmjs.org/@jimp%2fcustom cache-miss
1195 http cache https://registry.npmjs.org/@jimp%2fcustom 28ms (cache hit)
1196 silly packumentCache full:https://registry.npmjs.org/@jimp%2fcustom set size:1162364 disposed:false
1197 silly placeDep node_modules/@bubblewrap/cli @jimp/plugin-blit@0.22.12 OK for: @jimp/plugins@0.22.12 want: ^0.22.12
1198 silly placeDep node_modules/@bubblewrap/cli @jimp/plugin-blur@0.22.12 OK for: @jimp/plugins@0.22.12 want: ^0.22.12
1199 silly placeDep node_modules/@bubblewrap/cli @jimp/plugin-circle@0.22.12 OK for: @jimp/plugins@0.22.12 want: ^0.22.12
1200 silly placeDep node_modules/@bubblewrap/cli @jimp/plugin-color@0.22.12 OK for: @jimp/plugins@0.22.12 want: ^0.22.12
1201 silly placeDep node_modules/@bubblewrap/cli @jimp/plugin-contain@0.22.12 OK for: @jimp/plugins@0.22.12 want: ^0.22.12
1202 silly placeDep node_modules/@bubblewrap/cli @jimp/plugin-scale@0.22.12 OK for: @jimp/plugin-contain@0.22.12 want: >=0.3.5
1203 silly placeDep node_modules/@bubblewrap/cli @jimp/plugin-resize@0.22.12 OK for: @jimp/plugin-scale@0.22.12 want: >=0.3.5
1204 silly placeDep node_modules/@bubblewrap/cli @jimp/plugin-cover@0.22.12 OK for: @jimp/plugins@0.22.12 want: ^0.22.12
1205 silly placeDep node_modules/@bubblewrap/cli @jimp/plugin-crop@0.22.12 OK for: @jimp/plugin-cover@0.22.12 want: >=0.3.5
1206 silly placeDep node_modules/@bubblewrap/cli @jimp/plugin-displace@0.22.12 OK for: @jimp/plugins@0.22.12 want: ^0.22.12
1207 silly placeDep node_modules/@bubblewrap/cli @jimp/plugin-dither@0.22.12 OK for: @jimp/plugins@0.22.12 want: ^0.22.12
1208 silly placeDep node_modules/@bubblewrap/cli @jimp/plugin-fisheye@0.22.12 OK for: @jimp/plugins@0.22.12 want: ^0.22.12
1209 silly placeDep node_modules/@bubblewrap/cli @jimp/plugin-flip@0.22.12 OK for: @jimp/plugins@0.22.12 want: ^0.22.12
1210 silly placeDep node_modules/@bubblewrap/cli @jimp/plugin-rotate@0.22.12 OK for: @jimp/plugin-flip@0.22.12 want: >=0.3.5
1211 silly placeDep node_modules/@bubblewrap/cli @jimp/plugin-gaussian@0.22.12 OK for: @jimp/plugins@0.22.12 want: ^0.22.12
1212 silly placeDep node_modules/@bubblewrap/cli @jimp/plugin-invert@0.22.12 OK for: @jimp/plugins@0.22.12 want: ^0.22.12
1213 silly placeDep node_modules/@bubblewrap/cli @jimp/plugin-mask@0.22.12 OK for: @jimp/plugins@0.22.12 want: ^0.22.12
1214 silly placeDep node_modules/@bubblewrap/cli @jimp/plugin-normalize@0.22.12 OK for: @jimp/plugins@0.22.12 want: ^0.22.12
1215 silly placeDep node_modules/@bubblewrap/cli @jimp/plugin-print@0.22.12 OK for: @jimp/plugins@0.22.12 want: ^0.22.12
1216 silly placeDep node_modules/@bubblewrap/cli @jimp/plugin-shadow@0.22.12 OK for: @jimp/plugins@0.22.12 want: ^0.22.12
1217 silly placeDep node_modules/@bubblewrap/cli @jimp/plugin-threshold@0.22.12 OK for: @jimp/plugins@0.22.12 want: ^0.22.12
1218 silly placeDep node_modules/@bubblewrap/cli timm@1.7.1 OK for: @jimp/plugins@0.22.12 want: ^1.6.1
1219 silly fetch manifest load-bmfont@^1.4.1
1220 silly packumentCache full:https://registry.npmjs.org/load-bmfont cache-miss
1221 http fetch GET 200 https://registry.npmjs.org/load-bmfont 582ms (cache miss)
1222 silly packumentCache full:https://registry.npmjs.org/load-bmfont set size:undefined disposed:false
1223 silly placeDep node_modules/@bubblewrap/cli load-bmfont@1.4.2 OK for: @jimp/plugin-print@0.22.12 want: ^1.4.1
1224 silly fetch manifest buffer-equal@0.0.1
1225 silly packumentCache full:https://registry.npmjs.org/buffer-equal cache-miss
1226 silly fetch manifest mime@^1.3.4
1227 silly packumentCache full:https://registry.npmjs.org/mime cache-miss
1228 silly fetch manifest parse-bmfont-ascii@^1.0.3
1229 silly packumentCache full:https://registry.npmjs.org/parse-bmfont-ascii cache-miss
1230 silly fetch manifest parse-bmfont-binary@^1.0.5
1231 silly packumentCache full:https://registry.npmjs.org/parse-bmfont-binary cache-miss
1232 silly fetch manifest parse-bmfont-xml@^1.1.4
1233 silly packumentCache full:https://registry.npmjs.org/parse-bmfont-xml cache-miss
1234 silly fetch manifest phin@^3.7.1
1235 silly packumentCache full:https://registry.npmjs.org/phin cache-miss
1236 silly fetch manifest xhr@^2.0.1
1237 silly packumentCache full:https://registry.npmjs.org/xhr cache-miss
1238 http fetch GET 200 https://registry.npmjs.org/mime 229ms (cache revalidated)
1239 silly packumentCache full:https://registry.npmjs.org/mime set size:119236 disposed:false
1240 silly fetch manifest xtend@^4.0.0
1241 silly packumentCache full:https://registry.npmjs.org/xtend cache-miss
1242 http fetch GET 200 https://registry.npmjs.org/buffer-equal 291ms (cache miss)
1243 silly packumentCache full:https://registry.npmjs.org/buffer-equal set size:undefined disposed:false
1244 http fetch GET 200 https://registry.npmjs.org/parse-bmfont-binary 397ms (cache miss)
1245 silly packumentCache full:https://registry.npmjs.org/parse-bmfont-binary set size:undefined disposed:false
1246 http fetch GET 200 https://registry.npmjs.org/parse-bmfont-ascii 407ms (cache miss)
1247 silly packumentCache full:https://registry.npmjs.org/parse-bmfont-ascii set size:undefined disposed:false
1248 http fetch GET 200 https://registry.npmjs.org/parse-bmfont-xml 431ms (cache miss)
1249 silly packumentCache full:https://registry.npmjs.org/parse-bmfont-xml set size:undefined disposed:false
1250 http fetch GET 200 https://registry.npmjs.org/xtend 289ms (cache miss)
1251 silly packumentCache full:https://registry.npmjs.org/xtend set size:undefined disposed:false
1252 http fetch GET 200 https://registry.npmjs.org/xhr 582ms (cache miss)
1253 silly packumentCache full:https://registry.npmjs.org/xhr set size:undefined disposed:false
1254 http fetch GET 200 https://registry.npmjs.org/phin 1439ms (cache miss)
1255 silly packumentCache full:https://registry.npmjs.org/phin set size:undefined disposed:false
1256 silly placeDep node_modules/@bubblewrap/cli @jimp/bmp@0.22.12 OK for: @jimp/types@0.22.12 want: ^0.22.12
1257 silly placeDep node_modules/@bubblewrap/cli @jimp/gif@0.22.12 OK for: @jimp/types@0.22.12 want: ^0.22.12
1258 silly placeDep node_modules/@bubblewrap/cli @jimp/jpeg@0.22.12 OK for: @jimp/types@0.22.12 want: ^0.22.12
1259 silly placeDep node_modules/@bubblewrap/cli @jimp/png@0.22.12 OK for: @jimp/types@0.22.12 want: ^0.22.12
1260 silly placeDep node_modules/@bubblewrap/cli @jimp/tiff@0.22.12 OK for: @jimp/types@0.22.12 want: ^0.22.12
1261 silly fetch manifest bmp-js@^0.1.0
1262 silly packumentCache full:https://registry.npmjs.org/bmp-js cache-miss
1263 silly fetch manifest gifwrap@^0.10.1
1264 silly packumentCache full:https://registry.npmjs.org/gifwrap cache-miss
1265 silly fetch manifest omggif@^1.0.9
1266 silly packumentCache full:https://registry.npmjs.org/omggif cache-miss
1267 silly fetch manifest jpeg-js@^0.4.4
1268 silly packumentCache full:https://registry.npmjs.org/jpeg-js cache-miss
1269 silly fetch manifest pngjs@^6.0.0
1270 silly packumentCache full:https://registry.npmjs.org/pngjs cache-miss
1271 silly fetch manifest utif2@^4.0.1
1272 silly packumentCache full:https://registry.npmjs.org/utif2 cache-miss
1273 http cache https://registry.npmjs.org/pngjs 43ms (cache hit)
1274 silly packumentCache full:https://registry.npmjs.org/pngjs set size:70154 disposed:false
1275 http fetch GET 200 https://registry.npmjs.org/omggif 412ms (cache miss)
1276 silly packumentCache full:https://registry.npmjs.org/omggif set size:undefined disposed:false
1277 http fetch GET 200 https://registry.npmjs.org/bmp-js 421ms (cache miss)
1278 silly packumentCache full:https://registry.npmjs.org/bmp-js set size:undefined disposed:false
1279 http fetch GET 200 https://registry.npmjs.org/utif2 438ms (cache miss)
1280 silly packumentCache full:https://registry.npmjs.org/utif2 set size:undefined disposed:false
1281 http fetch GET 200 https://registry.npmjs.org/gifwrap 542ms (cache miss)
1282 silly packumentCache full:https://registry.npmjs.org/gifwrap set size:undefined disposed:false
1283 http fetch GET 200 https://registry.npmjs.org/jpeg-js 601ms (cache miss)
1284 silly packumentCache full:https://registry.npmjs.org/jpeg-js set size:undefined disposed:false
1285 silly placeDep node_modules/@bubblewrap/cli bmp-js@0.1.0 OK for: @jimp/bmp@0.22.12 want: ^0.1.0
1286 silly placeDep node_modules/@bubblewrap/cli gifwrap@0.10.1 OK for: @jimp/gif@0.22.12 want: ^0.10.1
1287 silly placeDep node_modules/@bubblewrap/cli omggif@1.0.10 OK for: @jimp/gif@0.22.12 want: ^1.0.9
1288 silly fetch manifest image-q@^4.0.0
1289 silly packumentCache full:https://registry.npmjs.org/image-q cache-miss
1290 silly fetch manifest omggif@^1.0.10
1291 silly packumentCache full:https://registry.npmjs.org/omggif cache-miss
1292 http cache https://registry.npmjs.org/omggif 15ms (cache hit)
1293 silly packumentCache full:https://registry.npmjs.org/omggif set size:9453 disposed:false
1294 http fetch GET 200 https://registry.npmjs.org/image-q 654ms (cache miss)
1295 silly packumentCache full:https://registry.npmjs.org/image-q set size:undefined disposed:false
1296 silly placeDep node_modules/@bubblewrap/cli jpeg-js@0.4.4 OK for: @jimp/jpeg@0.22.12 want: ^0.4.4
1297 silly placeDep node_modules/@bubblewrap/cli pngjs@6.0.0 OK for: @jimp/png@0.22.12 want: ^6.0.0
1298 silly placeDep node_modules/@bubblewrap/cli utif2@4.1.0 OK for: @jimp/tiff@0.22.12 want: ^4.0.1
1299 silly fetch manifest pako@^1.0.11
1300 silly packumentCache full:https://registry.npmjs.org/pako cache-miss
1301 http fetch GET 200 https://registry.npmjs.org/pako 772ms (cache miss)
1302 silly packumentCache full:https://registry.npmjs.org/pako set size:undefined disposed:false
1303 silly placeDep node_modules/@bubblewrap/cli ieee754@1.2.1 OK for: buffer@5.7.1 want: ^1.1.13
1304 silly placeDep node_modules/@bubblewrap/cli readable-web-to-node-stream@3.0.4 OK for: file-type@16.5.4 want: ^3.0.0
1305 silly placeDep node_modules/@bubblewrap/cli strtok3@6.3.0 OK for: file-type@16.5.4 want: ^6.2.4
1306 silly placeDep node_modules/@bubblewrap/cli token-types@4.2.1 OK for: file-type@16.5.4 want: ^4.1.1
1307 silly fetch manifest readable-stream@^4.7.0
1308 silly packumentCache full:https://registry.npmjs.org/readable-stream cache-hit
1309 silly fetch manifest peek-readable@^4.1.0
1310 silly packumentCache full:https://registry.npmjs.org/peek-readable cache-miss
1311 silly fetch manifest @tokenizer/token@^0.3.0
1312 silly packumentCache full:https://registry.npmjs.org/@tokenizer%2ftoken cache-miss
1313 silly fetch manifest @tokenizer/token@^0.3.0
1314 silly packumentCache full:https://registry.npmjs.org/@tokenizer%2ftoken cache-miss
1315 http fetch GET 200 https://registry.npmjs.org/@tokenizer%2ftoken 533ms (cache miss)
1316 silly packumentCache full:https://registry.npmjs.org/@tokenizer%2ftoken set size:undefined disposed:false
1317 http fetch GET 200 https://registry.npmjs.org/@tokenizer%2ftoken 546ms (cache miss)
1318 silly packumentCache full:https://registry.npmjs.org/@tokenizer%2ftoken set size:undefined disposed:false
1319 http fetch GET 200 https://registry.npmjs.org/peek-readable 670ms (cache miss)
1320 silly packumentCache full:https://registry.npmjs.org/peek-readable set size:undefined disposed:false
1321 silly placeDep node_modules/@bubblewrap/cli image-q@4.0.0 OK for: gifwrap@0.10.1 want: ^4.0.0
1322 silly fetch manifest @types/node@16.9.1
1323 silly packumentCache full:https://registry.npmjs.org/@types%2fnode cache-miss
1324 http cache https://registry.npmjs.org/@types%2fnode 121ms (cache hit)
1325 silly packumentCache full:https://registry.npmjs.org/@types%2fnode set size:11092436 disposed:false
1326 silly placeDep node_modules/@bubblewrap/cli/node_modules/image-q @types/node@16.9.1 OK for: image-q@4.0.0 want: 16.9.1
1327 silly placeDep node_modules/@bubblewrap/cli whatwg-fetch@3.6.20 OK for: isomorphic-fetch@3.0.0 want: ^3.4.1
1328 silly placeDep node_modules/@bubblewrap/cli bignumber.js@9.3.1 OK for: json-bigint@1.0.0 want: ^9.0.0
1329 silly placeDep node_modules/@bubblewrap/cli jwa@2.0.1 OK for: jws@4.0.1 want: ^2.0.1
1330 silly fetch manifest buffer-equal-constant-time@^1.0.1
1331 silly packumentCache full:https://registry.npmjs.org/buffer-equal-constant-time cache-miss
1332 http fetch GET 200 https://registry.npmjs.org/buffer-equal-constant-time 175ms (cache miss)
1333 silly packumentCache full:https://registry.npmjs.org/buffer-equal-constant-time set size:undefined disposed:false
1334 silly placeDep node_modules/@bubblewrap/cli buffer-equal-constant-time@1.0.1 OK for: jwa@2.0.1 want: ^1.0.1
1335 silly placeDep node_modules/@bubblewrap/cli buffer-equal@0.0.1 OK for: load-bmfont@1.4.2 want: 0.0.1
1336 silly placeDep node_modules/@bubblewrap/cli mime@1.6.0 OK for: load-bmfont@1.4.2 want: ^1.3.4
1337 silly placeDep node_modules/@bubblewrap/cli parse-bmfont-ascii@1.0.6 OK for: load-bmfont@1.4.2 want: ^1.0.3
1338 silly placeDep node_modules/@bubblewrap/cli parse-bmfont-binary@1.0.6 OK for: load-bmfont@1.4.2 want: ^1.0.5
1339 silly placeDep node_modules/@bubblewrap/cli parse-bmfont-xml@1.1.6 OK for: load-bmfont@1.4.2 want: ^1.1.4
1340 silly placeDep node_modules/@bubblewrap/cli phin@3.7.1 OK for: load-bmfont@1.4.2 want: ^3.7.1
1341 silly placeDep node_modules/@bubblewrap/cli xhr@2.6.0 OK for: load-bmfont@1.4.2 want: ^2.0.1
1342 silly placeDep node_modules/@bubblewrap/cli xtend@4.0.2 OK for: load-bmfont@1.4.2 want: ^4.0.0
1343 silly fetch manifest xml-parse-from-string@^1.0.0
1344 silly packumentCache full:https://registry.npmjs.org/xml-parse-from-string cache-miss
1345 silly fetch manifest xml2js@^0.5.0
1346 silly packumentCache full:https://registry.npmjs.org/xml2js cache-miss
1347 silly fetch manifest centra@^2.7.0
1348 silly packumentCache full:https://registry.npmjs.org/centra cache-miss
1349 silly fetch manifest global@~4.4.0
1350 silly packumentCache full:https://registry.npmjs.org/global cache-miss
1351 silly fetch manifest is-function@^1.0.1
1352 silly packumentCache full:https://registry.npmjs.org/is-function cache-miss
1353 silly fetch manifest parse-headers@^2.0.0
1354 silly packumentCache full:https://registry.npmjs.org/parse-headers cache-miss
1355 http fetch GET 200 https://registry.npmjs.org/xml-parse-from-string 475ms (cache miss)
1356 silly packumentCache full:https://registry.npmjs.org/xml-parse-from-string set size:undefined disposed:false
1357 http fetch GET 200 https://registry.npmjs.org/parse-headers 470ms (cache miss)
1358 silly packumentCache full:https://registry.npmjs.org/parse-headers set size:undefined disposed:false
1359 http fetch GET 200 https://registry.npmjs.org/global 478ms (cache miss)
1360 silly packumentCache full:https://registry.npmjs.org/global set size:undefined disposed:false
1361 http fetch GET 200 https://registry.npmjs.org/xml2js 488ms (cache miss)
1362 silly packumentCache full:https://registry.npmjs.org/xml2js set size:undefined disposed:false
1363 http fetch GET 200 https://registry.npmjs.org/is-function 500ms (cache miss)
1364 silly packumentCache full:https://registry.npmjs.org/is-function set size:undefined disposed:false
1365 http fetch GET 200 https://registry.npmjs.org/centra 765ms (cache miss)
1366 silly packumentCache full:https://registry.npmjs.org/centra set size:undefined disposed:false
1367 silly placeDep node_modules/@bubblewrap/cli yallist@4.0.0 OK for: lru-cache@6.0.0 want: ^4.0.0
1368 silly placeDep node_modules/@bubblewrap/cli mime-db@1.52.0 OK for: mime-types@2.1.35 want: 1.52.0
1369 silly placeDep node_modules/@bubblewrap/cli whatwg-url@5.0.0 OK for: node-fetch@2.7.0 want: ^5.0.0
1370 silly fetch manifest tr46@~0.0.3
1371 silly packumentCache full:https://registry.npmjs.org/tr46 cache-miss
1372 silly fetch manifest webidl-conversions@^3.0.0
1373 silly packumentCache full:https://registry.npmjs.org/webidl-conversions cache-miss
1374 http fetch GET 200 https://registry.npmjs.org/tr46 365ms (cache miss)
1375 silly packumentCache full:https://registry.npmjs.org/tr46 set size:undefined disposed:false
1376 http fetch GET 200 https://registry.npmjs.org/webidl-conversions 425ms (cache miss)
1377 silly packumentCache full:https://registry.npmjs.org/webidl-conversions set size:undefined disposed:false
1378 silly placeDep node_modules/@bubblewrap/cli bl@4.1.0 OK for: ora@5.4.1 want: ^4.1.0
1379 silly placeDep node_modules/@bubblewrap/cli cli-spinners@2.9.2 OK for: ora@5.4.1 want: ^2.5.0
1380 silly placeDep node_modules/@bubblewrap/cli is-interactive@1.0.0 OK for: ora@5.4.1 want: ^1.0.0
1381 silly placeDep node_modules/@bubblewrap/cli is-unicode-supported@0.1.0 OK for: ora@5.4.1 want: ^0.1.0
1382 silly placeDep node_modules/@bubblewrap/cli log-symbols@4.1.0 OK for: ora@5.4.1 want: ^4.1.0
1383 silly placeDep node_modules/@bubblewrap/cli wcwidth@1.0.1 OK for: ora@5.4.1 want: ^1.0.1
1384 silly fetch manifest readable-stream@^3.4.0
1385 silly packumentCache full:https://registry.npmjs.org/readable-stream cache-hit
1386 silly fetch manifest defaults@^1.0.3
1387 silly packumentCache full:https://registry.npmjs.org/defaults cache-miss
1388 http fetch GET 200 https://registry.npmjs.org/defaults 307ms (cache miss)
1389 silly packumentCache full:https://registry.npmjs.org/defaults set size:undefined disposed:false
1390 silly placeDep node_modules/@bubblewrap/cli/node_modules/bl readable-stream@3.6.2 OK for: bl@4.1.0 want: ^3.4.0
1391 silly fetch manifest string_decoder@^1.1.1
1392 silly packumentCache full:https://registry.npmjs.org/string_decoder cache-miss
1393 silly fetch manifest util-deprecate@^1.0.1
1394 silly packumentCache full:https://registry.npmjs.org/util-deprecate cache-miss
1395 http cache https://registry.npmjs.org/string_decoder 18ms (cache hit)
1396 silly packumentCache full:https://registry.npmjs.org/string_decoder set size:28441 disposed:false
1397 http cache https://registry.npmjs.org/util-deprecate 21ms (cache hit)
1398 silly packumentCache full:https://registry.npmjs.org/util-deprecate set size:6674 disposed:false
1399 silly placeDep node_modules/@bubblewrap/cli xml-parse-from-string@1.0.1 OK for: parse-bmfont-xml@1.1.6 want: ^1.0.0
1400 silly placeDep node_modules/@bubblewrap/cli xml2js@0.5.0 OK for: parse-bmfont-xml@1.1.6 want: ^0.5.0
1401 silly fetch manifest sax@>=0.6.0
1402 silly packumentCache full:https://registry.npmjs.org/sax cache-miss
1403 silly fetch manifest xmlbuilder@~11.0.0
1404 silly packumentCache full:https://registry.npmjs.org/xmlbuilder cache-miss
1405 http fetch GET 200 https://registry.npmjs.org/sax 443ms (cache miss)
1406 silly packumentCache full:https://registry.npmjs.org/sax set size:undefined disposed:false
1407 http fetch GET 200 https://registry.npmjs.org/xmlbuilder 517ms (cache miss)
1408 silly packumentCache full:https://registry.npmjs.org/xmlbuilder set size:undefined disposed:false
1409 silly placeDep node_modules/@bubblewrap/cli centra@2.7.0 OK for: phin@3.7.1 want: ^2.7.0
1410 silly fetch manifest follow-redirects@^1.15.6
1411 silly packumentCache full:https://registry.npmjs.org/follow-redirects cache-miss
1412 http fetch GET 200 https://registry.npmjs.org/follow-redirects 211ms (cache revalidated)
1413 silly packumentCache full:https://registry.npmjs.org/follow-redirects set size:188945 disposed:false
1414 silly placeDep node_modules/@bubblewrap/cli follow-redirects@1.16.0 OK for: centra@2.7.0 want: ^1.15.6
1415 silly placeDep node_modules/@bubblewrap/cli/node_modules/pixelmatch pngjs@3.4.0 OK for: pixelmatch@4.0.2 want: ^3.0.0
1416 silly placeDep node_modules/@bubblewrap/cli side-channel@1.1.1 OK for: qs@6.15.3 want: ^1.1.1
1417 silly fetch manifest object-inspect@^1.13.4
1418 silly packumentCache full:https://registry.npmjs.org/object-inspect cache-miss
1419 silly fetch manifest side-channel-list@^1.0.1
1420 silly packumentCache full:https://registry.npmjs.org/side-channel-list cache-miss
1421 silly fetch manifest side-channel-map@^1.0.1
1422 silly packumentCache full:https://registry.npmjs.org/side-channel-map cache-miss
1423 silly fetch manifest side-channel-weakmap@^1.0.2
1424 silly packumentCache full:https://registry.npmjs.org/side-channel-weakmap cache-miss
1425 http fetch GET 200 https://registry.npmjs.org/side-channel-list 194ms (cache revalidated)
1426 silly packumentCache full:https://registry.npmjs.org/side-channel-list set size:9021 disposed:false
1427 http fetch GET 200 https://registry.npmjs.org/side-channel-map 226ms (cache revalidated)
1428 silly packumentCache full:https://registry.npmjs.org/side-channel-map set size:9126 disposed:false
1429 http fetch GET 200 https://registry.npmjs.org/object-inspect 234ms (cache revalidated)
1430 silly packumentCache full:https://registry.npmjs.org/object-inspect set size:101927 disposed:false
1431 http fetch GET 200 https://registry.npmjs.org/side-channel-weakmap 239ms (cache revalidated)
1432 silly packumentCache full:https://registry.npmjs.org/side-channel-weakmap set size:12620 disposed:false
1433 silly placeDep node_modules/@bubblewrap/cli performance-now@2.1.0 OK for: raf@3.4.1 want: ^2.1.0
1434 silly placeDep node_modules/@bubblewrap/cli core-util-is@1.0.3 OK for: readable-stream@2.3.8 want: ~1.0.0
1435 silly placeDep node_modules/@bubblewrap/cli isarray@1.0.0 OK for: readable-stream@2.3.8 want: ~1.0.0
1436 silly placeDep node_modules/@bubblewrap/cli process-nextick-args@2.0.1 OK for: readable-stream@2.3.8 want: ~2.0.0
1437 silly placeDep node_modules/@bubblewrap/cli/node_modules/readable-stream safe-buffer@5.1.2 OK for: readable-stream@2.3.8 want: ~5.1.1
1438 silly placeDep node_modules/@bubblewrap/cli string_decoder@1.1.1 OK for: readable-stream@2.3.8 want: ~1.1.1
1439 silly placeDep node_modules/@bubblewrap/cli util-deprecate@1.0.2 OK for: readable-stream@2.3.8 want: ~1.0.1
1440 silly fetch manifest safe-buffer@~5.1.0
1441 silly packumentCache full:https://registry.npmjs.org/safe-buffer cache-hit
1442 silly placeDep node_modules/@bubblewrap/cli/node_modules/readable-web-to-node-stream readable-stream@4.7.0 OK for: readable-web-to-node-stream@3.0.4 want: ^4.7.0
1443 silly fetch manifest buffer@^6.0.3
1444 silly packumentCache full:https://registry.npmjs.org/buffer cache-miss
1445 silly fetch manifest events@^3.3.0
1446 silly packumentCache full:https://registry.npmjs.org/events cache-miss
1447 silly fetch manifest process@^0.11.10
1448 silly packumentCache full:https://registry.npmjs.org/process cache-miss
1449 silly fetch manifest string_decoder@^1.3.0
1450 silly packumentCache full:https://registry.npmjs.org/string_decoder cache-hit
1451 http cache https://registry.npmjs.org/buffer 28ms (cache hit)
1452 silly packumentCache full:https://registry.npmjs.org/buffer set size:280480 disposed:false
1453 http fetch GET 200 https://registry.npmjs.org/events 400ms (cache miss)
1454 silly packumentCache full:https://registry.npmjs.org/events set size:undefined disposed:false
1455 http fetch GET 200 https://registry.npmjs.org/process 444ms (cache miss)
1456 silly packumentCache full:https://registry.npmjs.org/process set size:undefined disposed:false
1457 silly placeDep node_modules/@bubblewrap/cli onetime@5.1.2 OK for: restore-cursor@3.1.0 want: ^5.1.0
1458 silly placeDep node_modules/@bubblewrap/cli signal-exit@3.0.7 OK for: restore-cursor@3.1.0 want: ^3.0.2
1459 silly fetch manifest mimic-fn@^2.1.0
1460 silly packumentCache full:https://registry.npmjs.org/mimic-fn cache-miss
1461 http fetch GET 200 https://registry.npmjs.org/mimic-fn 246ms (cache miss)
1462 silly packumentCache full:https://registry.npmjs.org/mimic-fn set size:undefined disposed:false
1463 silly placeDep node_modules/@bubblewrap/cli mimic-fn@2.1.0 OK for: onetime@5.1.2 want: ^2.1.0
1464 silly placeDep node_modules/@bubblewrap/cli tslib@2.8.1 OK for: rxjs@7.8.2 want: ^2.1.0
1465 silly placeDep node_modules/@bubblewrap/cli object-inspect@1.13.4 OK for: side-channel@1.1.1 want: ^1.13.4
1466 silly placeDep node_modules/@bubblewrap/cli side-channel-list@1.0.1 OK for: side-channel@1.1.1 want: ^1.0.1
1467 silly placeDep node_modules/@bubblewrap/cli side-channel-map@1.0.1 OK for: side-channel@1.1.1 want: ^1.0.1
1468 silly placeDep node_modules/@bubblewrap/cli side-channel-weakmap@1.0.2 OK for: side-channel@1.1.1 want: ^1.0.2
1469 silly fetch manifest call-bound@^1.0.2
1470 silly packumentCache full:https://registry.npmjs.org/call-bound cache-miss
1471 silly fetch manifest call-bound@^1.0.2
1472 silly packumentCache full:https://registry.npmjs.org/call-bound cache-miss
1473 http fetch GET 200 https://registry.npmjs.org/call-bound 255ms (cache revalidated)
1474 silly packumentCache full:https://registry.npmjs.org/call-bound set size:15317 disposed:false
1475 http fetch GET 200 https://registry.npmjs.org/call-bound 259ms (cache revalidated)
1476 silly packumentCache full:https://registry.npmjs.org/call-bound set size:15317 disposed:false
1477 silly packumentCache full:https://registry.npmjs.org/call-bound dispose
1478 silly placeDep node_modules/@bubblewrap/cli call-bound@1.0.4 OK for: side-channel-map@1.0.1 want: ^1.0.2
1479 silly placeDep node_modules/@bubblewrap/cli is-arrayish@0.3.4 OK for: simple-swizzle@0.2.4 want: ^0.3.1
1480 silly placeDep node_modules/@bubblewrap/cli/node_modules/string_decoder safe-buffer@5.1.2 OK for: string_decoder@1.1.1 want: ~5.1.0
1481 silly placeDep node_modules/@bubblewrap/cli emoji-regex@8.0.0 OK for: string-width@4.2.3 want: ^8.0.0
1482 silly placeDep node_modules/@bubblewrap/cli is-fullwidth-code-point@3.0.0 OK for: string-width@4.2.3 want: ^3.0.0
1483 silly placeDep node_modules/@bubblewrap/cli ansi-regex@5.0.1 OK for: strip-ansi@6.0.1 want: ^5.0.1
1484 silly placeDep node_modules/@bubblewrap/cli @tokenizer/token@0.3.0 OK for: strtok3@6.3.0 want: ^0.3.0
1485 silly placeDep node_modules/@bubblewrap/cli peek-readable@4.1.0 OK for: strtok3@6.3.0 want: ^4.1.0
1486 silly placeDep node_modules/@bubblewrap/cli has-flag@4.0.0 OK for: supports-color@7.2.0 want: ^4.0.0
1487 silly placeDep node_modules/@bubblewrap/cli @isaacs/fs-minipass@4.0.1 OK for: tar@7.5.22 want: ^4.0.0
1488 silly placeDep node_modules/@bubblewrap/cli chownr@3.0.0 OK for: tar@7.5.22 want: ^3.0.0
1489 silly placeDep node_modules/@bubblewrap/cli minipass@7.1.3 OK for: tar@7.5.22 want: ^7.1.2
1490 silly placeDep node_modules/@bubblewrap/cli minizlib@3.1.0 OK for: tar@7.5.22 want: ^3.1.0
1491 silly placeDep node_modules/@bubblewrap/cli/node_modules/tar yallist@5.0.0 OK for: tar@7.5.22 want: ^5.0.0
1492 silly fetch manifest minipass@^7.0.4
1493 silly packumentCache full:https://registry.npmjs.org/minipass cache-miss
1494 http cache https://registry.npmjs.org/minipass 25ms (cache hit)
1495 silly packumentCache full:https://registry.npmjs.org/minipass set size:276925 disposed:false
1496 silly placeDep node_modules/@bubblewrap/cli/node_modules/through2 readable-stream@3.6.2 OK for: through2@4.0.2 want: 3
1497 silly placeDep node_modules/@bubblewrap/cli psl@1.15.0 OK for: tough-cookie@4.1.4 want: ^1.1.33
1498 silly placeDep node_modules/@bubblewrap/cli punycode@2.3.1 OK for: tough-cookie@4.1.4 want: ^2.1.1
1499 silly placeDep node_modules/@bubblewrap/cli universalify@0.2.0 OK for: tough-cookie@4.1.4 want: ^0.2.0
1500 silly placeDep node_modules/@bubblewrap/cli url-parse@1.5.10 OK for: tough-cookie@4.1.4 want: ^1.5.3
1501 silly fetch manifest punycode@^2.3.1
1502 silly packumentCache full:https://registry.npmjs.org/punycode cache-miss
1503 silly fetch manifest querystringify@^2.1.1
1504 silly packumentCache full:https://registry.npmjs.org/querystringify cache-miss
1505 silly fetch manifest requires-port@^1.0.0
1506 silly packumentCache full:https://registry.npmjs.org/requires-port cache-miss
1507 http cache https://registry.npmjs.org/punycode 32ms (cache hit)
1508 silly packumentCache full:https://registry.npmjs.org/punycode set size:61278 disposed:false
1509 http fetch GET 200 https://registry.npmjs.org/requires-port 245ms (cache revalidated)
1510 silly packumentCache full:https://registry.npmjs.org/requires-port set size:8110 disposed:false
1511 http fetch GET 200 https://registry.npmjs.org/querystringify 443ms (cache miss)
1512 silly packumentCache full:https://registry.npmjs.org/querystringify set size:undefined disposed:false
1513 silly placeDep node_modules/@bubblewrap/cli querystringify@2.2.0 OK for: url-parse@1.5.10 want: ^2.1.1
1514 silly placeDep node_modules/@bubblewrap/cli requires-port@1.0.0 OK for: url-parse@1.5.10 want: ^1.0.0
1515 silly placeDep node_modules/@bubblewrap/cli pako@1.0.11 OK for: utif2@4.1.0 want: ^1.0.11
1516 silly placeDep node_modules/@bubblewrap/cli defaults@1.0.4 OK for: wcwidth@1.0.1 want: ^1.0.3
1517 silly fetch manifest clone@^1.0.2
1518 silly packumentCache full:https://registry.npmjs.org/clone cache-miss
1519 http fetch GET 200 https://registry.npmjs.org/clone 364ms (cache miss)
1520 silly packumentCache full:https://registry.npmjs.org/clone set size:undefined disposed:false
1521 silly placeDep node_modules/@bubblewrap/cli clone@1.0.4 OK for: defaults@1.0.4 want: ^1.0.2
1522 silly placeDep node_modules/@bubblewrap/cli tr46@0.0.3 OK for: whatwg-url@5.0.0 want: ~0.0.3
1523 silly placeDep node_modules/@bubblewrap/cli webidl-conversions@3.0.1 OK for: whatwg-url@5.0.0 want: ^3.0.0
1524 silly placeDep node_modules/@bubblewrap/cli global@4.4.0 OK for: xhr@2.6.0 want: ~4.4.0
1525 silly placeDep node_modules/@bubblewrap/cli is-function@1.0.2 OK for: xhr@2.6.0 want: ^1.0.1
1526 silly placeDep node_modules/@bubblewrap/cli parse-headers@2.0.6 OK for: xhr@2.6.0 want: ^2.0.0
1527 silly fetch manifest min-document@^2.19.0
1528 silly packumentCache full:https://registry.npmjs.org/min-document cache-miss
1529 http fetch GET 200 https://registry.npmjs.org/min-document 482ms (cache miss)
1530 silly packumentCache full:https://registry.npmjs.org/min-document set size:undefined disposed:false
1531 silly placeDep node_modules/@bubblewrap/cli min-document@2.19.2 OK for: global@4.4.0 want: ^2.19.0
1532 silly placeDep node_modules/@bubblewrap/cli process@0.11.10 OK for: global@4.4.0 want: ^0.11.10
1533 silly fetch manifest dom-walk@^0.1.0
1534 silly packumentCache full:https://registry.npmjs.org/dom-walk cache-miss
1535 http fetch GET 200 https://registry.npmjs.org/dom-walk 427ms (cache miss)
1536 silly packumentCache full:https://registry.npmjs.org/dom-walk set size:undefined disposed:false
1537 silly placeDep node_modules/@bubblewrap/cli dom-walk@0.1.2 OK for: min-document@2.19.2 want: ^0.1.0
1538 silly placeDep node_modules/@bubblewrap/cli sax@1.6.1 OK for: xml2js@0.5.0 want: >=0.6.0
1539 silly placeDep node_modules/@bubblewrap/cli xmlbuilder@11.0.1 OK for: xml2js@0.5.0 want: ~11.0.0
1540 silly placeDep node_modules/@bubblewrap/cli buffer-crc32@0.2.13 OK for: yauzl@2.10.0 want: ~0.2.3
1541 silly placeDep node_modules/@bubblewrap/cli fd-slicer@1.1.0 OK for: yauzl@2.10.0 want: ~1.1.0
1542 silly fetch manifest pend@~1.2.0
1543 silly packumentCache full:https://registry.npmjs.org/pend cache-miss
1544 http fetch GET 200 https://registry.npmjs.org/pend 194ms (cache miss)
1545 silly packumentCache full:https://registry.npmjs.org/pend set size:undefined disposed:false
1546 silly placeDep node_modules/@bubblewrap/cli pend@1.2.0 OK for: fd-slicer@1.1.0 want: ~1.2.0
1547 silly placeDep node_modules/@bubblewrap/cli @inquirer/figures@1.0.15 OK for: inquirer@9.3.8 want: ^1.0.3
1548 silly placeDep node_modules/@bubblewrap/cli/node_modules/@bubblewrap/core cli-width@4.1.0 OK for: inquirer@9.3.8 want: ^4.1.0
1549 silly placeDep node_modules/@bubblewrap/cli/node_modules/@bubblewrap/core mute-stream@1.0.0 OK for: inquirer@9.3.8 want: 1.0.0
1550 silly placeDep node_modules/@bubblewrap/cli/node_modules/@bubblewrap/core run-async@3.0.0 OK for: inquirer@9.3.8 want: ^3.0.0
1551 silly placeDep node_modules/@bubblewrap/cli yoctocolors-cjs@2.1.3 OK for: inquirer@9.3.8 want: ^2.1.2
1552 silly placeDep node_modules/@bubblewrap/cli/node_modules/agent-base ms@2.1.3 OK for: debug@4.4.3 want: ^2.1.3
1553 silly placeDep node_modules/@bubblewrap/cli/node_modules/ansi-styles color-name@1.1.4 OK for: color-convert@2.0.1 want: ~1.1.4
1554 silly placeDep node_modules/@bubblewrap/cli/node_modules/https-proxy-agent ms@2.1.3 OK for: debug@4.4.3 want: ^2.1.3
1555 silly placeDep node_modules/@bubblewrap/cli/node_modules/readable-web-to-node-stream buffer@6.0.3 OK for: readable-stream@4.7.0 want: ^6.0.3
1556 silly placeDep node_modules/@bubblewrap/cli events@3.3.0 OK for: readable-stream@4.7.0 want: ^3.3.0
1557 silly placeDep node_modules/@bubblewrap/cli/node_modules/readable-web-to-node-stream string_decoder@1.3.0 OK for: readable-stream@4.7.0 want: ^1.3.0
1558 silly reify moves {}
1559 http cache events@https://registry.npmjs.org/events/-/events-3.3.0.tgz 0ms (cache hit)
1560 http cache yoctocolors-cjs@https://registry.npmjs.org/yoctocolors-cjs/-/yoctocolors-cjs-2.1.3.tgz 0ms (cache hit)
1561 http cache @bubblewrap/cli@https://registry.npmjs.org/@bubblewrap/cli/-/cli-1.25.0.tgz 0ms (cache hit)
1562 http cache @inquirer/figures@https://registry.npmjs.org/@inquirer/figures/-/figures-1.0.15.tgz 0ms (cache hit)
1563 http cache pend@https://registry.npmjs.org/pend/-/pend-1.2.0.tgz 0ms (cache hit)
1564 http cache fd-slicer@https://registry.npmjs.org/fd-slicer/-/fd-slicer-1.1.0.tgz 0ms (cache hit)
1565 http cache xmlbuilder@https://registry.npmjs.org/xmlbuilder/-/xmlbuilder-11.0.1.tgz 0ms (cache hit)
1566 http cache sax@https://registry.npmjs.org/sax/-/sax-1.6.1.tgz 0ms (cache hit)
1567 http cache buffer-crc32@https://registry.npmjs.org/buffer-crc32/-/buffer-crc32-0.2.13.tgz 0ms (cache hit)
1568 http cache dom-walk@https://registry.npmjs.org/dom-walk/-/dom-walk-0.1.2.tgz 0ms (cache hit)
1569 http cache process@https://registry.npmjs.org/process/-/process-0.11.10.tgz 0ms (cache hit)
1570 http cache min-document@https://registry.npmjs.org/min-document/-/min-document-2.19.2.tgz 0ms (cache hit)
1571 http cache parse-headers@https://registry.npmjs.org/parse-headers/-/parse-headers-2.0.6.tgz 0ms (cache hit)
1572 http cache is-function@https://registry.npmjs.org/is-function/-/is-function-1.0.2.tgz 0ms (cache hit)
1573 http cache global@https://registry.npmjs.org/global/-/global-4.4.0.tgz 0ms (cache hit)
1574 http cache webidl-conversions@https://registry.npmjs.org/webidl-conversions/-/webidl-conversions-3.0.1.tgz 0ms (cache hit)
1575 http cache tr46@https://registry.npmjs.org/tr46/-/tr46-0.0.3.tgz 0ms (cache hit)
1576 http cache clone@https://registry.npmjs.org/clone/-/clone-1.0.4.tgz 0ms (cache hit)
1577 http cache pako@https://registry.npmjs.org/pako/-/pako-1.0.11.tgz 0ms (cache hit)
1578 http cache defaults@https://registry.npmjs.org/defaults/-/defaults-1.0.4.tgz 0ms (cache hit)
1579 http cache requires-port@https://registry.npmjs.org/requires-port/-/requires-port-1.0.0.tgz 0ms (cache hit)
1580 http cache querystringify@https://registry.npmjs.org/querystringify/-/querystringify-2.2.0.tgz 0ms (cache hit)
1581 http cache url-parse@https://registry.npmjs.org/url-parse/-/url-parse-1.5.10.tgz 0ms (cache hit)
1582 http cache universalify@https://registry.npmjs.org/universalify/-/universalify-0.2.0.tgz 0ms (cache hit)
1583 http cache punycode@https://registry.npmjs.org/punycode/-/punycode-2.3.1.tgz 0ms (cache hit)
1584 http cache psl@https://registry.npmjs.org/psl/-/psl-1.15.0.tgz 0ms (cache hit)
1585 http cache minizlib@https://registry.npmjs.org/minizlib/-/minizlib-3.1.0.tgz 0ms (cache hit)
1586 http cache minipass@https://registry.npmjs.org/minipass/-/minipass-7.1.3.tgz 0ms (cache hit)
1587 http cache chownr@https://registry.npmjs.org/chownr/-/chownr-3.0.0.tgz 0ms (cache hit)
1588 http cache has-flag@https://registry.npmjs.org/has-flag/-/has-flag-4.0.0.tgz 1ms (cache hit)
1589 http cache @isaacs/fs-minipass@https://registry.npmjs.org/@isaacs/fs-minipass/-/fs-minipass-4.0.1.tgz 0ms (cache hit)
1590 http cache peek-readable@https://registry.npmjs.org/peek-readable/-/peek-readable-4.1.0.tgz 0ms (cache hit)
1591 http cache ansi-regex@https://registry.npmjs.org/ansi-regex/-/ansi-regex-5.0.1.tgz 0ms (cache hit)
1592 http cache is-fullwidth-code-point@https://registry.npmjs.org/is-fullwidth-code-point/-/is-fullwidth-code-point-3.0.0.tgz 0ms (cache hit)
1593 http cache emoji-regex@https://registry.npmjs.org/emoji-regex/-/emoji-regex-8.0.0.tgz 0ms (cache hit)
1594 http cache @tokenizer/token@https://registry.npmjs.org/@tokenizer/token/-/token-0.3.0.tgz 1ms (cache hit)
1595 http cache is-arrayish@https://registry.npmjs.org/is-arrayish/-/is-arrayish-0.3.4.tgz 0ms (cache hit)
1596 http cache call-bound@https://registry.npmjs.org/call-bound/-/call-bound-1.0.4.tgz 0ms (cache hit)
1597 http cache side-channel-map@https://registry.npmjs.org/side-channel-map/-/side-channel-map-1.0.1.tgz 0ms (cache hit)
1598 http cache side-channel-list@https://registry.npmjs.org/side-channel-list/-/side-channel-list-1.0.1.tgz 0ms (cache hit)
1599 http cache side-channel-weakmap@https://registry.npmjs.org/side-channel-weakmap/-/side-channel-weakmap-1.0.2.tgz 0ms (cache hit)
1600 http cache object-inspect@https://registry.npmjs.org/object-inspect/-/object-inspect-1.13.4.tgz 0ms (cache hit)
1601 http cache tslib@https://registry.npmjs.org/tslib/-/tslib-2.8.1.tgz 0ms (cache hit)
1602 http cache mimic-fn@https://registry.npmjs.org/mimic-fn/-/mimic-fn-2.1.0.tgz 0ms (cache hit)
1603 http cache onetime@https://registry.npmjs.org/onetime/-/onetime-5.1.2.tgz 0ms (cache hit)
1604 http cache signal-exit@https://registry.npmjs.org/signal-exit/-/signal-exit-3.0.7.tgz 0ms (cache hit)
1605 http cache util-deprecate@https://registry.npmjs.org/util-deprecate/-/util-deprecate-1.0.2.tgz 0ms (cache hit)
1606 http cache string_decoder@https://registry.npmjs.org/string_decoder/-/string_decoder-1.1.1.tgz 0ms (cache hit)
1607 http cache safe-buffer@https://registry.npmjs.org/safe-buffer/-/safe-buffer-5.1.2.tgz 0ms (cache hit)
1608 http cache process-nextick-args@https://registry.npmjs.org/process-nextick-args/-/process-nextick-args-2.0.1.tgz 0ms (cache hit)
1609 http cache isarray@https://registry.npmjs.org/isarray/-/isarray-1.0.0.tgz 1ms (cache hit)
1610 http cache core-util-is@https://registry.npmjs.org/core-util-is/-/core-util-is-1.0.3.tgz 0ms (cache hit)
1611 http cache performance-now@https://registry.npmjs.org/performance-now/-/performance-now-2.1.0.tgz 0ms (cache hit)
1612 http cache side-channel@https://registry.npmjs.org/side-channel/-/side-channel-1.1.1.tgz 1ms (cache hit)
1613 http cache follow-redirects@https://registry.npmjs.org/follow-redirects/-/follow-redirects-1.16.0.tgz 0ms (cache hit)
1614 http cache centra@https://registry.npmjs.org/centra/-/centra-2.7.0.tgz 0ms (cache hit)
1615 http cache xml2js@https://registry.npmjs.org/xml2js/-/xml2js-0.5.0.tgz 0ms (cache hit)
1616 http cache xml-parse-from-string@https://registry.npmjs.org/xml-parse-from-string/-/xml-parse-from-string-1.0.1.tgz 0ms (cache hit)
1617 http cache wcwidth@https://registry.npmjs.org/wcwidth/-/wcwidth-1.0.1.tgz 1ms (cache hit)
1618 http cache is-unicode-supported@https://registry.npmjs.org/is-unicode-supported/-/is-unicode-supported-0.1.0.tgz 0ms (cache hit)
1619 http cache is-interactive@https://registry.npmjs.org/is-interactive/-/is-interactive-1.0.0.tgz 0ms (cache hit)
1620 http cache log-symbols@https://registry.npmjs.org/log-symbols/-/log-symbols-4.1.0.tgz 0ms (cache hit)
1621 http cache cli-spinners@https://registry.npmjs.org/cli-spinners/-/cli-spinners-2.9.2.tgz 0ms (cache hit)
1622 http cache bl@https://registry.npmjs.org/bl/-/bl-4.1.0.tgz 0ms (cache hit)
1623 http cache readable-stream@https://registry.npmjs.org/readable-stream/-/readable-stream-3.6.2.tgz 0ms (cache hit)
1624 http cache whatwg-url@https://registry.npmjs.org/whatwg-url/-/whatwg-url-5.0.0.tgz 0ms (cache hit)
1625 http cache mime-db@https://registry.npmjs.org/mime-db/-/mime-db-1.52.0.tgz 0ms (cache hit)
1626 http cache yallist@https://registry.npmjs.org/yallist/-/yallist-4.0.0.tgz 0ms (cache hit)
1627 http cache phin@https://registry.npmjs.org/phin/-/phin-3.7.1.tgz 0ms (cache hit)
1628 http cache xtend@https://registry.npmjs.org/xtend/-/xtend-4.0.2.tgz 0ms (cache hit)
1629 http cache parse-bmfont-xml@https://registry.npmjs.org/parse-bmfont-xml/-/parse-bmfont-xml-1.1.6.tgz 0ms (cache hit)
1630 http cache parse-bmfont-binary@https://registry.npmjs.org/parse-bmfont-binary/-/parse-bmfont-binary-1.0.6.tgz 0ms (cache hit)
1631 http cache parse-bmfont-ascii@https://registry.npmjs.org/parse-bmfont-ascii/-/parse-bmfont-ascii-1.0.6.tgz 0ms (cache hit)
1632 http cache buffer-equal@https://registry.npmjs.org/buffer-equal/-/buffer-equal-0.0.1.tgz 0ms (cache hit)
1633 http cache mime@https://registry.npmjs.org/mime/-/mime-1.6.0.tgz 0ms (cache hit)
1634 http cache buffer-equal-constant-time@https://registry.npmjs.org/buffer-equal-constant-time/-/buffer-equal-constant-time-1.0.1.tgz 0ms (cache hit)
1635 http cache jwa@https://registry.npmjs.org/jwa/-/jwa-2.0.1.tgz 0ms (cache hit)
1636 http cache bignumber.js@https://registry.npmjs.org/bignumber.js/-/bignumber.js-9.3.1.tgz 0ms (cache hit)
1637 http cache whatwg-fetch@https://registry.npmjs.org/whatwg-fetch/-/whatwg-fetch-3.6.20.tgz 0ms (cache hit)
1638 http cache image-q@https://registry.npmjs.org/image-q/-/image-q-4.0.0.tgz 0ms (cache hit)
1639 http cache @types/node@https://registry.npmjs.org/@types/node/-/node-16.9.1.tgz 0ms (cache hit)
1640 http cache token-types@https://registry.npmjs.org/token-types/-/token-types-4.2.1.tgz 0ms (cache hit)
1641 http cache strtok3@https://registry.npmjs.org/strtok3/-/strtok3-6.3.0.tgz 0ms (cache hit)
1642 http cache readable-web-to-node-stream@https://registry.npmjs.org/readable-web-to-node-stream/-/readable-web-to-node-stream-3.0.4.tgz 0ms (cache hit)
1643 http cache string_decoder@https://registry.npmjs.org/string_decoder/-/string_decoder-1.3.0.tgz 0ms (cache hit)
1644 http cache buffer@https://registry.npmjs.org/buffer/-/buffer-6.0.3.tgz 1ms (cache hit)
1645 http cache ieee754@https://registry.npmjs.org/ieee754/-/ieee754-1.2.1.tgz 0ms (cache hit)
1646 http cache readable-stream@https://registry.npmjs.org/readable-stream/-/readable-stream-4.7.0.tgz 0ms (cache hit)
1647 http cache utif2@https://registry.npmjs.org/utif2/-/utif2-4.1.0.tgz 1ms (cache hit)
1648 http cache pngjs@https://registry.npmjs.org/pngjs/-/pngjs-6.0.0.tgz 0ms (cache hit)
1649 http cache jpeg-js@https://registry.npmjs.org/jpeg-js/-/jpeg-js-0.4.4.tgz 0ms (cache hit)
1650 http cache omggif@https://registry.npmjs.org/omggif/-/omggif-1.0.10.tgz 0ms (cache hit)
1651 http cache gifwrap@https://registry.npmjs.org/gifwrap/-/gifwrap-0.10.1.tgz 0ms (cache hit)
1652 http cache bmp-js@https://registry.npmjs.org/bmp-js/-/bmp-js-0.1.0.tgz 0ms (cache hit)
1653 http cache @jimp/tiff@https://registry.npmjs.org/@jimp/tiff/-/tiff-0.22.12.tgz 0ms (cache hit)
1654 http cache @jimp/png@https://registry.npmjs.org/@jimp/png/-/png-0.22.12.tgz 0ms (cache hit)
1655 http cache @jimp/jpeg@https://registry.npmjs.org/@jimp/jpeg/-/jpeg-0.22.12.tgz 0ms (cache hit)
1656 http cache @jimp/gif@https://registry.npmjs.org/@jimp/gif/-/gif-0.22.12.tgz 0ms (cache hit)
1657 http cache @jimp/bmp@https://registry.npmjs.org/@jimp/bmp/-/bmp-0.22.12.tgz 0ms (cache hit)
1658 http cache load-bmfont@https://registry.npmjs.org/load-bmfont/-/load-bmfont-1.4.2.tgz 0ms (cache hit)
1659 http cache timm@https://registry.npmjs.org/timm/-/timm-1.7.1.tgz 0ms (cache hit)
1660 http cache @jimp/plugin-threshold@https://registry.npmjs.org/@jimp/plugin-threshold/-/plugin-threshold-0.22.12.tgz 0ms (cache hit)
1661 http cache @jimp/plugin-shadow@https://registry.npmjs.org/@jimp/plugin-shadow/-/plugin-shadow-0.22.12.tgz 0ms (cache hit)
1662 http cache @jimp/plugin-print@https://registry.npmjs.org/@jimp/plugin-print/-/plugin-print-0.22.12.tgz 0ms (cache hit)
1663 http cache @jimp/plugin-normalize@https://registry.npmjs.org/@jimp/plugin-normalize/-/plugin-normalize-0.22.12.tgz 0ms (cache hit)
1664 http cache @jimp/plugin-mask@https://registry.npmjs.org/@jimp/plugin-mask/-/plugin-mask-0.22.12.tgz 0ms (cache hit)
1665 http cache @jimp/plugin-invert@https://registry.npmjs.org/@jimp/plugin-invert/-/plugin-invert-0.22.12.tgz 0ms (cache hit)
1666 http cache @jimp/plugin-gaussian@https://registry.npmjs.org/@jimp/plugin-gaussian/-/plugin-gaussian-0.22.12.tgz 0ms (cache hit)
1667 http cache @jimp/plugin-rotate@https://registry.npmjs.org/@jimp/plugin-rotate/-/plugin-rotate-0.22.12.tgz 0ms (cache hit)
1668 http cache @jimp/plugin-flip@https://registry.npmjs.org/@jimp/plugin-flip/-/plugin-flip-0.22.12.tgz 0ms (cache hit)
1669 http cache @jimp/plugin-fisheye@https://registry.npmjs.org/@jimp/plugin-fisheye/-/plugin-fisheye-0.22.12.tgz 0ms (cache hit)
1670 http cache @jimp/plugin-dither@https://registry.npmjs.org/@jimp/plugin-dither/-/plugin-dither-0.22.12.tgz 0ms (cache hit)
1671 http cache @jimp/plugin-displace@https://registry.npmjs.org/@jimp/plugin-displace/-/plugin-displace-0.22.12.tgz 0ms (cache hit)
1672 http cache @jimp/plugin-crop@https://registry.npmjs.org/@jimp/plugin-crop/-/plugin-crop-0.22.12.tgz 0ms (cache hit)
1673 http cache @jimp/plugin-cover@https://registry.npmjs.org/@jimp/plugin-cover/-/plugin-cover-0.22.12.tgz 0ms (cache hit)
1674 http cache @jimp/plugin-resize@https://registry.npmjs.org/@jimp/plugin-resize/-/plugin-resize-0.22.12.tgz 0ms (cache hit)
1675 http cache @jimp/plugin-scale@https://registry.npmjs.org/@jimp/plugin-scale/-/plugin-scale-0.22.12.tgz 0ms (cache hit)
1676 http cache @jimp/plugin-contain@https://registry.npmjs.org/@jimp/plugin-contain/-/plugin-contain-0.22.12.tgz 0ms (cache hit)
1677 http cache @jimp/plugin-color@https://registry.npmjs.org/@jimp/plugin-color/-/plugin-color-0.22.12.tgz 0ms (cache hit)
1678 http cache @jimp/plugin-circle@https://registry.npmjs.org/@jimp/plugin-circle/-/plugin-circle-0.22.12.tgz 0ms (cache hit)
1679 http cache @jimp/plugin-blur@https://registry.npmjs.org/@jimp/plugin-blur/-/plugin-blur-0.22.12.tgz 0ms (cache hit)
1680 http cache @jimp/plugin-blit@https://registry.npmjs.org/@jimp/plugin-blit/-/plugin-blit-0.22.12.tgz 0ms (cache hit)
1681 http cache tinycolor2@https://registry.npmjs.org/tinycolor2/-/tinycolor2-1.6.0.tgz 0ms (cache hit)
1682 http cache pixelmatch@https://registry.npmjs.org/pixelmatch/-/pixelmatch-4.0.2.tgz 0ms (cache hit)
1683 http cache isomorphic-fetch@https://registry.npmjs.org/isomorphic-fetch/-/isomorphic-fetch-3.0.0.tgz 0ms (cache hit)
1684 http cache pngjs@https://registry.npmjs.org/pngjs/-/pngjs-3.4.0.tgz 0ms (cache hit)
1685 http cache file-type@https://registry.npmjs.org/file-type/-/file-type-16.5.4.tgz 0ms (cache hit)
1686 http cache exif-parser@https://registry.npmjs.org/exif-parser/-/exif-parser-0.1.12.tgz 0ms (cache hit)
1687 http cache buffer@https://registry.npmjs.org/buffer/-/buffer-5.7.1.tgz 0ms (cache hit)
1688 http cache any-base@https://registry.npmjs.org/any-base/-/any-base-1.1.0.tgz 0ms (cache hit)
1689 http cache @jimp/core@https://registry.npmjs.org/@jimp/core/-/core-0.22.12.tgz 0ms (cache hit)
1690 http cache regenerator-runtime@https://registry.npmjs.org/regenerator-runtime/-/regenerator-runtime-0.13.11.tgz 0ms (cache hit)
1691 http cache @jimp/utils@https://registry.npmjs.org/@jimp/utils/-/utils-0.22.12.tgz 0ms (cache hit)
1692 http cache @jimp/types@https://registry.npmjs.org/@jimp/types/-/types-0.22.12.tgz 0ms (cache hit)
1693 http cache @jimp/plugins@https://registry.npmjs.org/@jimp/plugins/-/plugins-0.22.12.tgz 0ms (cache hit)
1694 http cache @jimp/custom@https://registry.npmjs.org/@jimp/custom/-/custom-0.22.12.tgz 0ms (cache hit)
1695 http cache safer-buffer@https://registry.npmjs.org/safer-buffer/-/safer-buffer-2.1.2.tgz 0ms (cache hit)
1696 http cache escape-string-regexp@https://registry.npmjs.org/escape-string-regexp/-/escape-string-regexp-1.0.5.tgz 0ms (cache hit)
1697 http cache restore-cursor@https://registry.npmjs.org/restore-cursor/-/restore-cursor-3.1.0.tgz 0ms (cache hit)
1698 http cache supports-color@https://registry.npmjs.org/supports-color/-/supports-color-7.2.0.tgz 0ms (cache hit)
1699 http cache ansi-styles@https://registry.npmjs.org/ansi-styles/-/ansi-styles-4.3.0.tgz 0ms (cache hit)
1700 http cache color-name@https://registry.npmjs.org/color-name/-/color-name-1.1.4.tgz 0ms (cache hit)
1701 http cache color-convert@https://registry.npmjs.org/color-convert/-/color-convert-2.0.1.tgz 1ms (cache hit)
1702 http cache type-fest@https://registry.npmjs.org/type-fest/-/type-fest-0.21.3.tgz 0ms (cache hit)
1703 http cache iconv-lite@https://registry.npmjs.org/iconv-lite/-/iconv-lite-0.7.3.tgz 0ms (cache hit)
1704 http cache chardet@https://registry.npmjs.org/chardet/-/chardet-2.2.0.tgz 1ms (cache hit)
1705 http cache wrap-ansi@https://registry.npmjs.org/wrap-ansi/-/wrap-ansi-6.2.0.tgz 0ms (cache hit)
1706 http cache through@https://registry.npmjs.org/through/-/through-2.3.8.tgz 1ms (cache hit)
1707 http cache run-async@https://registry.npmjs.org/run-async/-/run-async-2.4.1.tgz 0ms (cache hit)
1708 http cache strip-ansi@https://registry.npmjs.org/strip-ansi/-/strip-ansi-6.0.1.tgz 0ms (cache hit)
1709 http cache ora@https://registry.npmjs.org/ora/-/ora-5.4.1.tgz 0ms (cache hit)
1710 http cache mute-stream@https://registry.npmjs.org/mute-stream/-/mute-stream-0.0.8.tgz 0ms (cache hit)
1711 http cache figures@https://registry.npmjs.org/figures/-/figures-3.2.0.tgz 0ms (cache hit)
1712 http cache cli-width@https://registry.npmjs.org/cli-width/-/cli-width-3.0.0.tgz 0ms (cache hit)
1713 http cache cli-cursor@https://registry.npmjs.org/cli-cursor/-/cli-cursor-3.1.0.tgz 0ms (cache hit)
1714 http cache chalk@https://registry.npmjs.org/chalk/-/chalk-4.1.2.tgz 0ms (cache hit)
1715 http cache ansi-escapes@https://registry.npmjs.org/ansi-escapes/-/ansi-escapes-4.3.2.tgz 0ms (cache hit)
1716 http cache @inquirer/external-editor@https://registry.npmjs.org/@inquirer/external-editor/-/external-editor-1.0.3.tgz 0ms (cache hit)
1717 http cache agent-base@https://registry.npmjs.org/agent-base/-/agent-base-6.0.2.tgz 0ms (cache hit)
1718 http cache ms@https://registry.npmjs.org/ms/-/ms-2.1.3.tgz 1ms (cache hit)
1719 http cache node-forge@https://registry.npmjs.org/node-forge/-/node-forge-1.4.0.tgz 0ms (cache hit)
1720 http cache debug@https://registry.npmjs.org/debug/-/debug-4.4.3.tgz 0ms (cache hit)
1721 http cache google-p12-pem@https://registry.npmjs.org/google-p12-pem/-/google-p12-pem-3.1.4.tgz 0ms (cache hit)
1722 http cache uuid@https://registry.npmjs.org/uuid/-/uuid-8.3.2.tgz 0ms (cache hit)
1723 http cache url-template@https://registry.npmjs.org/url-template/-/url-template-2.0.8.tgz 0ms (cache hit)
1724 http cache qs@https://registry.npmjs.org/qs/-/qs-6.15.3.tgz 0ms (cache hit)
1725 http cache json-bigint@https://registry.npmjs.org/json-bigint/-/json-bigint-1.0.0.tgz 0ms (cache hit)
1726 http cache event-target-shim@https://registry.npmjs.org/event-target-shim/-/event-target-shim-5.0.1.tgz 0ms (cache hit)
1727 http cache is-stream@https://registry.npmjs.org/is-stream/-/is-stream-2.0.1.tgz 0ms (cache hit)
1728 http cache https-proxy-agent@https://registry.npmjs.org/https-proxy-agent/-/https-proxy-agent-5.0.1.tgz 1ms (cache hit)
1729 http cache ms@https://registry.npmjs.org/ms/-/ms-2.1.3.tgz 0ms (cache hit)
1730 http cache extend@https://registry.npmjs.org/extend/-/extend-3.0.2.tgz 0ms (cache hit)
1731 http cache debug@https://registry.npmjs.org/debug/-/debug-4.4.3.tgz 0ms (cache hit)
1732 http cache abort-controller@https://registry.npmjs.org/abort-controller/-/abort-controller-3.0.0.tgz 0ms (cache hit)
1733 http cache safe-buffer@https://registry.npmjs.org/safe-buffer/-/safe-buffer-5.2.1.tgz 0ms (cache hit)
1734 http cache lru-cache@https://registry.npmjs.org/lru-cache/-/lru-cache-6.0.0.tgz 0ms (cache hit)
1735 http cache jws@https://registry.npmjs.org/jws/-/jws-4.0.1.tgz 0ms (cache hit)
1736 http cache gtoken@https://registry.npmjs.org/gtoken/-/gtoken-5.3.2.tgz 0ms (cache hit)
1737 http cache gcp-metadata@https://registry.npmjs.org/gcp-metadata/-/gcp-metadata-4.3.1.tgz 0ms (cache hit)
1738 http cache gaxios@https://registry.npmjs.org/gaxios/-/gaxios-4.3.3.tgz 0ms (cache hit)
1739 http cache fast-text-encoding@https://registry.npmjs.org/fast-text-encoding/-/fast-text-encoding-1.0.6.tgz 0ms (cache hit)
1740 http cache ecdsa-sig-formatter@https://registry.npmjs.org/ecdsa-sig-formatter/-/ecdsa-sig-formatter-1.0.11.tgz 0ms (cache hit)
1741 http cache base64-js@https://registry.npmjs.org/base64-js/-/base64-js-1.5.1.tgz 0ms (cache hit)
1742 http cache arrify@https://registry.npmjs.org/arrify/-/arrify-2.0.1.tgz 0ms (cache hit)
1743 http cache googleapis-common@https://registry.npmjs.org/googleapis-common/-/googleapis-common-5.1.0.tgz 0ms (cache hit)
1744 http cache google-auth-library@https://registry.npmjs.org/google-auth-library/-/google-auth-library-7.14.1.tgz 1ms (cache hit)
1745 http cache dunder-proto@https://registry.npmjs.org/dunder-proto/-/dunder-proto-1.0.1.tgz 1ms (cache hit)
1746 http cache math-intrinsics@https://registry.npmjs.org/math-intrinsics/-/math-intrinsics-1.1.0.tgz 0ms (cache hit)
1747 http cache has-symbols@https://registry.npmjs.org/has-symbols/-/has-symbols-1.1.0.tgz 0ms (cache hit)
1748 http cache gopd@https://registry.npmjs.org/gopd/-/gopd-1.2.0.tgz 0ms (cache hit)
1749 http cache get-proto@https://registry.npmjs.org/get-proto/-/get-proto-1.0.1.tgz 0ms (cache hit)
1750 http cache function-bind@https://registry.npmjs.org/function-bind/-/function-bind-1.1.2.tgz 0ms (cache hit)
1751 http cache es-object-atoms@https://registry.npmjs.org/es-object-atoms/-/es-object-atoms-1.1.2.tgz 0ms (cache hit)
1752 http cache es-define-property@https://registry.npmjs.org/es-define-property/-/es-define-property-1.0.1.tgz 0ms (cache hit)
1753 http cache call-bind-apply-helpers@https://registry.npmjs.org/call-bind-apply-helpers/-/call-bind-apply-helpers-1.0.2.tgz 0ms (cache hit)
1754 http cache has-tostringtag@https://registry.npmjs.org/has-tostringtag/-/has-tostringtag-1.0.2.tgz 0ms (cache hit)
1755 http cache get-intrinsic@https://registry.npmjs.org/get-intrinsic/-/get-intrinsic-1.3.0.tgz 1ms (cache hit)
1756 http cache es-errors@https://registry.npmjs.org/es-errors/-/es-errors-1.3.0.tgz 0ms (cache hit)
1757 http cache delayed-stream@https://registry.npmjs.org/delayed-stream/-/delayed-stream-1.0.0.tgz 0ms (cache hit)
1758 http cache hasown@https://registry.npmjs.org/hasown/-/hasown-2.0.4.tgz 0ms (cache hit)
1759 http cache es-set-tostringtag@https://registry.npmjs.org/es-set-tostringtag/-/es-set-tostringtag-2.1.0.tgz 0ms (cache hit)
1760 http cache combined-stream@https://registry.npmjs.org/combined-stream/-/combined-stream-1.0.8.tgz 0ms (cache hit)
1761 http cache asynckit@https://registry.npmjs.org/asynckit/-/asynckit-0.4.0.tgz 0ms (cache hit)
1762 http cache throat@https://registry.npmjs.org/throat/-/throat-5.0.0.tgz 0ms (cache hit)
1763 http cache tough-cookie@https://registry.npmjs.org/tough-cookie/-/tough-cookie-4.1.4.tgz 1ms (cache hit)
1764 http cache to-arraybuffer@https://registry.npmjs.org/to-arraybuffer/-/to-arraybuffer-1.0.1.tgz 0ms (cache hit)
1765 http cache through2@https://registry.npmjs.org/through2/-/through2-4.0.2.tgz 0ms (cache hit)
1766 http cache readable-stream@https://registry.npmjs.org/readable-stream/-/readable-stream-3.6.2.tgz 0ms (cache hit)
1767 http cache get-stream@https://registry.npmjs.org/get-stream/-/get-stream-6.0.1.tgz 0ms (cache hit)
1768 http cache callguard@https://registry.npmjs.org/callguard/-/callguard-2.0.0.tgz 0ms (cache hit)
1769 http cache already@https://registry.npmjs.org/already/-/already-1.13.2.tgz 0ms (cache hit)
1770 http cache @types/tough-cookie@https://registry.npmjs.org/@types/tough-cookie/-/tough-cookie-4.0.5.tgz 0ms (cache hit)
1771 http cache ms@https://registry.npmjs.org/ms/-/ms-2.0.0.tgz 0ms (cache hit)
1772 http cache typedarray@https://registry.npmjs.org/typedarray/-/typedarray-0.0.6.tgz 0ms (cache hit)
1773 http cache readable-stream@https://registry.npmjs.org/readable-stream/-/readable-stream-2.3.8.tgz 0ms (cache hit)
1774 http cache safe-buffer@https://registry.npmjs.org/safe-buffer/-/safe-buffer-5.1.2.tgz 0ms (cache hit)
1775 http cache inherits@https://registry.npmjs.org/inherits/-/inherits-2.0.4.tgz 0ms (cache hit)
1776 http cache buffer-from@https://registry.npmjs.org/buffer-from/-/buffer-from-1.1.2.tgz 0ms (cache hit)
1777 http cache yauzl@https://registry.npmjs.org/yauzl/-/yauzl-2.10.0.tgz 0ms (cache hit)
1778 http cache mkdirp@https://registry.npmjs.org/mkdirp/-/mkdirp-0.5.6.tgz 0ms (cache hit)
1779 http cache debug@https://registry.npmjs.org/debug/-/debug-2.6.9.tgz 0ms (cache hit)
1780 http cache concat-stream@https://registry.npmjs.org/concat-stream/-/concat-stream-1.6.2.tgz 0ms (cache hit)
1781 http cache simple-swizzle@https://registry.npmjs.org/simple-swizzle/-/simple-swizzle-0.2.4.tgz 0ms (cache hit)
1782 http cache color-name@https://registry.npmjs.org/color-name/-/color-name-1.1.3.tgz 0ms (cache hit)
1783 http cache color-string@https://registry.npmjs.org/color-string/-/color-string-1.9.1.tgz 0ms (cache hit)
1784 http cache color-convert@https://registry.npmjs.org/color-convert/-/color-convert-1.9.3.tgz 0ms (cache hit)
1785 http cache string-width@https://registry.npmjs.org/string-width/-/string-width-4.2.3.tgz 0ms (cache hit)
1786 http cache svg-pathdata@https://registry.npmjs.org/svg-pathdata/-/svg-pathdata-6.0.3.tgz 1ms (cache hit)
1787 http cache stackblur-canvas@https://registry.npmjs.org/stackblur-canvas/-/stackblur-canvas-2.7.0.tgz 0ms (cache hit)
1788 http cache rgbcolor@https://registry.npmjs.org/rgbcolor/-/rgbcolor-1.0.1.tgz 0ms (cache hit)
1789 http cache raf@https://registry.npmjs.org/raf/-/raf-3.4.1.tgz 0ms (cache hit)
1790 http cache @types/raf@https://registry.npmjs.org/@types/raf/-/raf-3.4.3.tgz 0ms (cache hit)
1791 http cache form-data@https://registry.npmjs.org/form-data/-/form-data-4.0.6.tgz 0ms (cache hit)
1792 http cache undici-types@https://registry.npmjs.org/undici-types/-/undici-types-5.26.5.tgz 0ms (cache hit)
1793 http cache rxjs@https://registry.npmjs.org/rxjs/-/rxjs-7.8.2.tgz 0ms (cache hit)
1794 http cache @types/through@https://registry.npmjs.org/@types/through/-/through-0.0.33.tgz 0ms (cache hit)
1795 http cache @maxim_mazurok/gapi.client.discovery-v1@https://registry.npmjs.org/@maxim_mazurok/gapi.client.discovery-v1/-/gapi.client.discovery-v1-0.6.20200806.tgz 0ms (cache hit)
1796 http cache @types/gapi.client.discovery-v1@https://registry.npmjs.org/@types/gapi.client.discovery-v1/-/gapi.client.discovery-v1-0.0.4.tgz 0ms (cache hit)
1797 http cache @types/gapi.client@https://registry.npmjs.org/@types/gapi.client/-/gapi.client-1.0.8.tgz 0ms (cache hit)
1798 http cache @maxim_mazurok/gapi.client.androidpublisher-v3@https://registry.npmjs.org/@maxim_mazurok/gapi.client.androidpublisher-v3/-/gapi.client.androidpublisher-v3-0.5.20260826.tgz 0ms (cache hit)
1799 http cache @types/color-name@https://registry.npmjs.org/@types/color-name/-/color-name-2.0.0.tgz 0ms (cache hit)
1800 http cache @types/color-convert@https://registry.npmjs.org/@types/color-convert/-/color-convert-1.9.0.tgz 0ms (cache hit)
1801 http cache @resvg/resvg-js-android-arm64@https://registry.npmjs.org/@resvg/resvg-js-android-arm64/-/resvg-js-android-arm64-2.6.2.tgz 0ms (cache hit)
1802 http cache tar@https://registry.npmjs.org/tar/-/tar-7.5.22.tgz 0ms (cache hit)
1803 http cache yallist@https://registry.npmjs.org/yallist/-/yallist-5.0.0.tgz 0ms (cache hit)
1804 http cache node-fetch@https://registry.npmjs.org/node-fetch/-/node-fetch-2.7.0.tgz 0ms (cache hit)
1805 http cache lodash@https://registry.npmjs.org/lodash/-/lodash-4.18.1.tgz 0ms (cache hit)
1806 http cache jimp@https://registry.npmjs.org/jimp/-/jimp-0.22.12.tgz 0ms (cache hit)
1807 http cache googleapis@https://registry.npmjs.org/googleapis/-/googleapis-81.0.0.tgz 0ms (cache hit)
1808 http cache fetch-h2@https://registry.npmjs.org/fetch-h2/-/fetch-h2-2.5.1.tgz 0ms (cache hit)
1809 http cache extract-zip@https://registry.npmjs.org/extract-zip/-/extract-zip-1.7.0.tgz 0ms (cache hit)
1810 http cache canvg@https://registry.npmjs.org/canvg/-/canvg-4.0.3.tgz 0ms (cache hit)
1811 http cache @types/node-fetch@https://registry.npmjs.org/@types/node-fetch/-/node-fetch-2.6.13.tgz 0ms (cache hit)
1812 http cache @types/node@https://registry.npmjs.org/@types/node/-/node-18.19.130.tgz 0ms (cache hit)
1813 http cache @types/lodash@https://registry.npmjs.org/@types/lodash/-/lodash-4.17.25.tgz 0ms (cache hit)
1814 http cache @types/gapi.client.androidpublisher@https://registry.npmjs.org/@types/gapi.client.androidpublisher/-/gapi.client.androidpublisher-3.0.2.tgz 0ms (cache hit)
1815 http cache @types/extract-zip@https://registry.npmjs.org/@types/extract-zip/-/extract-zip-1.6.2.tgz 0ms (cache hit)
1816 http cache @resvg/resvg-js@https://registry.npmjs.org/@resvg/resvg-js/-/resvg-js-2.6.2.tgz 0ms (cache hit)
1817 http cache valid-url@https://registry.npmjs.org/valid-url/-/valid-url-1.0.9.tgz 0ms (cache hit)
1818 http cache semver@https://registry.npmjs.org/semver/-/semver-7.8.5.tgz 0ms (cache hit)
1819 http cache minimist@https://registry.npmjs.org/minimist/-/minimist-1.2.8.tgz 0ms (cache hit)
1820 http cache mime-types@https://registry.npmjs.org/mime-types/-/mime-types-2.1.35.tgz 0ms (cache hit)
1821 http cache inquirer@https://registry.npmjs.org/inquirer/-/inquirer-8.2.7.tgz 0ms (cache hit)
1822 http cache colors@https://registry.npmjs.org/colors/-/colors-1.4.0.tgz 0ms (cache hit)
1823 http cache color@https://registry.npmjs.org/color/-/color-3.2.1.tgz 0ms (cache hit)
1824 http cache cli-progress@https://registry.npmjs.org/cli-progress/-/cli-progress-3.12.0.tgz 0ms (cache hit)
1825 http cache @types/valid-url@https://registry.npmjs.org/@types/valid-url/-/valid-url-1.0.7.tgz 0ms (cache hit)
1826 http cache @types/semver@https://registry.npmjs.org/@types/semver/-/semver-7.8.0.tgz 0ms (cache hit)
1827 http cache @types/minimist@https://registry.npmjs.org/@types/minimist/-/minimist-1.2.5.tgz 0ms (cache hit)
1828 http cache @types/mime-types@https://registry.npmjs.org/@types/mime-types/-/mime-types-2.1.4.tgz 0ms (cache hit)
1829 http cache @types/inquirer@https://registry.npmjs.org/@types/inquirer/-/inquirer-8.2.13.tgz 0ms (cache hit)
1830 http cache @types/color@https://registry.npmjs.org/@types/color/-/color-3.0.7.tgz 0ms (cache hit)
1831 http cache @types/cli-progress@https://registry.npmjs.org/@types/cli-progress/-/cli-progress-3.11.6.tgz 0ms (cache hit)
1832 http cache @bubblewrap/core@https://registry.npmjs.org/@bubblewrap/core/-/core-1.25.0.tgz 0ms (cache hit)
1833 http cache @bubblewrap/validator@https://registry.npmjs.org/@bubblewrap/validator/-/validator-1.25.0.tgz 0ms (cache hit)
1834 http cache run-async@https://registry.npmjs.org/run-async/-/run-async-3.0.0.tgz 0ms (cache hit)
1835 http cache cli-width@https://registry.npmjs.org/cli-width/-/cli-width-4.1.0.tgz 0ms (cache hit)
1836 http cache inquirer@https://registry.npmjs.org/inquirer/-/inquirer-9.3.8.tgz 0ms (cache hit)
1837 http cache @types/inquirer@https://registry.npmjs.org/@types/inquirer/-/inquirer-9.0.10.tgz 0ms (cache hit)
1838 http cache mute-stream@https://registry.npmjs.org/mute-stream/-/mute-stream-1.0.0.tgz 0ms (cache hit)
1839 http cache xhr@https://registry.npmjs.org/xhr/-/xhr-2.6.0.tgz 0ms (cache hit)
1840 silly tarball no local data for events@https://registry.npmjs.org/events/-/events-3.3.0.tgz. Extracting by manifest.
1841 silly tarball no local data for yoctocolors-cjs@https://registry.npmjs.org/yoctocolors-cjs/-/yoctocolors-cjs-2.1.3.tgz. Extracting by manifest.
1842 silly tarball no local data for @bubblewrap/cli@https://registry.npmjs.org/@bubblewrap/cli/-/cli-1.25.0.tgz. Extracting by manifest.
1843 silly tarball no local data for @inquirer/figures@https://registry.npmjs.org/@inquirer/figures/-/figures-1.0.15.tgz. Extracting by manifest.
1844 silly tarball no local data for pend@https://registry.npmjs.org/pend/-/pend-1.2.0.tgz. Extracting by manifest.
1845 silly tarball no local data for fd-slicer@https://registry.npmjs.org/fd-slicer/-/fd-slicer-1.1.0.tgz. Extracting by manifest.
1846 silly tarball no local data for xmlbuilder@https://registry.npmjs.org/xmlbuilder/-/xmlbuilder-11.0.1.tgz. Extracting by manifest.
1847 silly tarball no local data for sax@https://registry.npmjs.org/sax/-/sax-1.6.1.tgz. Extracting by manifest.
1848 silly tarball no local data for buffer-crc32@https://registry.npmjs.org/buffer-crc32/-/buffer-crc32-0.2.13.tgz. Extracting by manifest.
1849 silly tarball no local data for dom-walk@https://registry.npmjs.org/dom-walk/-/dom-walk-0.1.2.tgz. Extracting by manifest.
1850 silly tarball no local data for process@https://registry.npmjs.org/process/-/process-0.11.10.tgz. Extracting by manifest.
1851 silly tarball no local data for min-document@https://registry.npmjs.org/min-document/-/min-document-2.19.2.tgz. Extracting by manifest.
1852 silly tarball no local data for parse-headers@https://registry.npmjs.org/parse-headers/-/parse-headers-2.0.6.tgz. Extracting by manifest.
1853 silly tarball no local data for is-function@https://registry.npmjs.org/is-function/-/is-function-1.0.2.tgz. Extracting by manifest.
1854 silly tarball no local data for global@https://registry.npmjs.org/global/-/global-4.4.0.tgz. Extracting by manifest.
1855 silly tarball no local data for webidl-conversions@https://registry.npmjs.org/webidl-conversions/-/webidl-conversions-3.0.1.tgz. Extracting by manifest.
1856 silly tarball no local data for tr46@https://registry.npmjs.org/tr46/-/tr46-0.0.3.tgz. Extracting by manifest.
1857 silly tarball no local data for clone@https://registry.npmjs.org/clone/-/clone-1.0.4.tgz. Extracting by manifest.
1858 silly tarball no local data for pako@https://registry.npmjs.org/pako/-/pako-1.0.11.tgz. Extracting by manifest.
1859 silly tarball no local data for defaults@https://registry.npmjs.org/defaults/-/defaults-1.0.4.tgz. Extracting by manifest.
1860 silly tarball no local data for querystringify@https://registry.npmjs.org/querystringify/-/querystringify-2.2.0.tgz. Extracting by manifest.
1861 silly tarball no local data for url-parse@https://registry.npmjs.org/url-parse/-/url-parse-1.5.10.tgz. Extracting by manifest.
1862 silly tarball no local data for universalify@https://registry.npmjs.org/universalify/-/universalify-0.2.0.tgz. Extracting by manifest.
1863 silly tarball no local data for punycode@https://registry.npmjs.org/punycode/-/punycode-2.3.1.tgz. Extracting by manifest.
1864 silly tarball no local data for psl@https://registry.npmjs.org/psl/-/psl-1.15.0.tgz. Extracting by manifest.
1865 silly tarball no local data for minizlib@https://registry.npmjs.org/minizlib/-/minizlib-3.1.0.tgz. Extracting by manifest.
1866 silly tarball no local data for minipass@https://registry.npmjs.org/minipass/-/minipass-7.1.3.tgz. Extracting by manifest.
1867 silly tarball no local data for chownr@https://registry.npmjs.org/chownr/-/chownr-3.0.0.tgz. Extracting by manifest.
1868 silly tarball no local data for @isaacs/fs-minipass@https://registry.npmjs.org/@isaacs/fs-minipass/-/fs-minipass-4.0.1.tgz. Extracting by manifest.
1869 silly tarball no local data for peek-readable@https://registry.npmjs.org/peek-readable/-/peek-readable-4.1.0.tgz. Extracting by manifest.
1870 silly tarball no local data for ansi-regex@https://registry.npmjs.org/ansi-regex/-/ansi-regex-5.0.1.tgz. Extracting by manifest.
1871 silly tarball no local data for is-fullwidth-code-point@https://registry.npmjs.org/is-fullwidth-code-point/-/is-fullwidth-code-point-3.0.0.tgz. Extracting by manifest.
1872 silly tarball no local data for emoji-regex@https://registry.npmjs.org/emoji-regex/-/emoji-regex-8.0.0.tgz. Extracting by manifest.
1873 silly tarball no local data for @tokenizer/token@https://registry.npmjs.org/@tokenizer/token/-/token-0.3.0.tgz. Extracting by manifest.
1874 silly tarball no local data for is-arrayish@https://registry.npmjs.org/is-arrayish/-/is-arrayish-0.3.4.tgz. Extracting by manifest.
1875 silly tarball no local data for tslib@https://registry.npmjs.org/tslib/-/tslib-2.8.1.tgz. Extracting by manifest.
1876 silly tarball no local data for mimic-fn@https://registry.npmjs.org/mimic-fn/-/mimic-fn-2.1.0.tgz. Extracting by manifest.
1877 silly tarball no local data for onetime@https://registry.npmjs.org/onetime/-/onetime-5.1.2.tgz. Extracting by manifest.
1878 silly tarball no local data for signal-exit@https://registry.npmjs.org/signal-exit/-/signal-exit-3.0.7.tgz. Extracting by manifest.
1879 silly tarball no local data for util-deprecate@https://registry.npmjs.org/util-deprecate/-/util-deprecate-1.0.2.tgz. Extracting by manifest.
1880 silly tarball no local data for string_decoder@https://registry.npmjs.org/string_decoder/-/string_decoder-1.1.1.tgz. Extracting by manifest.
1881 silly tarball no local data for process-nextick-args@https://registry.npmjs.org/process-nextick-args/-/process-nextick-args-2.0.1.tgz. Extracting by manifest.
1882 silly tarball no local data for isarray@https://registry.npmjs.org/isarray/-/isarray-1.0.0.tgz. Extracting by manifest.
1883 silly tarball no local data for core-util-is@https://registry.npmjs.org/core-util-is/-/core-util-is-1.0.3.tgz. Extracting by manifest.
1884 silly tarball no local data for performance-now@https://registry.npmjs.org/performance-now/-/performance-now-2.1.0.tgz. Extracting by manifest.
1885 silly tarball no local data for centra@https://registry.npmjs.org/centra/-/centra-2.7.0.tgz. Extracting by manifest.
1886 silly tarball no local data for xml2js@https://registry.npmjs.org/xml2js/-/xml2js-0.5.0.tgz. Extracting by manifest.
1887 silly tarball no local data for xml-parse-from-string@https://registry.npmjs.org/xml-parse-from-string/-/xml-parse-from-string-1.0.1.tgz. Extracting by manifest.
1888 silly tarball no local data for wcwidth@https://registry.npmjs.org/wcwidth/-/wcwidth-1.0.1.tgz. Extracting by manifest.
1889 silly tarball no local data for is-unicode-supported@https://registry.npmjs.org/is-unicode-supported/-/is-unicode-supported-0.1.0.tgz. Extracting by manifest.
1890 silly tarball no local data for is-interactive@https://registry.npmjs.org/is-interactive/-/is-interactive-1.0.0.tgz. Extracting by manifest.
1891 silly tarball no local data for log-symbols@https://registry.npmjs.org/log-symbols/-/log-symbols-4.1.0.tgz. Extracting by manifest.
1892 silly tarball no local data for cli-spinners@https://registry.npmjs.org/cli-spinners/-/cli-spinners-2.9.2.tgz. Extracting by manifest.
1893 silly tarball no local data for bl@https://registry.npmjs.org/bl/-/bl-4.1.0.tgz. Extracting by manifest.
1894 silly tarball no local data for readable-stream@https://registry.npmjs.org/readable-stream/-/readable-stream-3.6.2.tgz. Extracting by manifest.
1895 silly tarball no local data for whatwg-url@https://registry.npmjs.org/whatwg-url/-/whatwg-url-5.0.0.tgz. Extracting by manifest.
1896 silly tarball no local data for mime-db@https://registry.npmjs.org/mime-db/-/mime-db-1.52.0.tgz. Extracting by manifest.
1897 silly tarball no local data for yallist@https://registry.npmjs.org/yallist/-/yallist-4.0.0.tgz. Extracting by manifest.
1898 silly tarball no local data for phin@https://registry.npmjs.org/phin/-/phin-3.7.1.tgz. Extracting by manifest.
1899 silly tarball no local data for xtend@https://registry.npmjs.org/xtend/-/xtend-4.0.2.tgz. Extracting by manifest.
1900 silly tarball no local data for parse-bmfont-xml@https://registry.npmjs.org/parse-bmfont-xml/-/parse-bmfont-xml-1.1.6.tgz. Extracting by manifest.
1901 silly tarball no local data for parse-bmfont-binary@https://registry.npmjs.org/parse-bmfont-binary/-/parse-bmfont-binary-1.0.6.tgz. Extracting by manifest.
1902 silly tarball no local data for parse-bmfont-ascii@https://registry.npmjs.org/parse-bmfont-ascii/-/parse-bmfont-ascii-1.0.6.tgz. Extracting by manifest.
1903 silly tarball no local data for buffer-equal@https://registry.npmjs.org/buffer-equal/-/buffer-equal-0.0.1.tgz. Extracting by manifest.
1904 silly tarball no local data for buffer-equal-constant-time@https://registry.npmjs.org/buffer-equal-constant-time/-/buffer-equal-constant-time-1.0.1.tgz. Extracting by manifest.
1905 silly tarball no local data for jwa@https://registry.npmjs.org/jwa/-/jwa-2.0.1.tgz. Extracting by manifest.
1906 silly tarball no local data for bignumber.js@https://registry.npmjs.org/bignumber.js/-/bignumber.js-9.3.1.tgz. Extracting by manifest.
1907 silly tarball no local data for whatwg-fetch@https://registry.npmjs.org/whatwg-fetch/-/whatwg-fetch-3.6.20.tgz. Extracting by manifest.
1908 silly tarball no local data for image-q@https://registry.npmjs.org/image-q/-/image-q-4.0.0.tgz. Extracting by manifest.
1909 silly tarball no local data for @types/node@https://registry.npmjs.org/@types/node/-/node-16.9.1.tgz. Extracting by manifest.
1910 silly tarball no local data for token-types@https://registry.npmjs.org/token-types/-/token-types-4.2.1.tgz. Extracting by manifest.
1911 silly tarball no local data for strtok3@https://registry.npmjs.org/strtok3/-/strtok3-6.3.0.tgz. Extracting by manifest.
1912 silly tarball no local data for readable-web-to-node-stream@https://registry.npmjs.org/readable-web-to-node-stream/-/readable-web-to-node-stream-3.0.4.tgz. Extracting by manifest.
1913 silly tarball no local data for string_decoder@https://registry.npmjs.org/string_decoder/-/string_decoder-1.3.0.tgz. Extracting by manifest.
1914 silly tarball no local data for buffer@https://registry.npmjs.org/buffer/-/buffer-6.0.3.tgz. Extracting by manifest.
1915 silly tarball no local data for ieee754@https://registry.npmjs.org/ieee754/-/ieee754-1.2.1.tgz. Extracting by manifest.
1916 silly tarball no local data for readable-stream@https://registry.npmjs.org/readable-stream/-/readable-stream-4.7.0.tgz. Extracting by manifest.
1917 silly tarball no local data for utif2@https://registry.npmjs.org/utif2/-/utif2-4.1.0.tgz. Extracting by manifest.
1918 silly tarball no local data for pngjs@https://registry.npmjs.org/pngjs/-/pngjs-6.0.0.tgz. Extracting by manifest.
1919 silly tarball no local data for jpeg-js@https://registry.npmjs.org/jpeg-js/-/jpeg-js-0.4.4.tgz. Extracting by manifest.
1920 silly tarball no local data for omggif@https://registry.npmjs.org/omggif/-/omggif-1.0.10.tgz. Extracting by manifest.
1921 silly tarball no local data for gifwrap@https://registry.npmjs.org/gifwrap/-/gifwrap-0.10.1.tgz. Extracting by manifest.
1922 silly tarball no local data for bmp-js@https://registry.npmjs.org/bmp-js/-/bmp-js-0.1.0.tgz. Extracting by manifest.
1923 silly tarball no local data for @jimp/tiff@https://registry.npmjs.org/@jimp/tiff/-/tiff-0.22.12.tgz. Extracting by manifest.
1924 silly tarball no local data for @jimp/png@https://registry.npmjs.org/@jimp/png/-/png-0.22.12.tgz. Extracting by manifest.
1925 silly tarball no local data for @jimp/jpeg@https://registry.npmjs.org/@jimp/jpeg/-/jpeg-0.22.12.tgz. Extracting by manifest.
1926 silly tarball no local data for @jimp/gif@https://registry.npmjs.org/@jimp/gif/-/gif-0.22.12.tgz. Extracting by manifest.
1927 silly tarball no local data for @jimp/bmp@https://registry.npmjs.org/@jimp/bmp/-/bmp-0.22.12.tgz. Extracting by manifest.
1928 silly tarball no local data for load-bmfont@https://registry.npmjs.org/load-bmfont/-/load-bmfont-1.4.2.tgz. Extracting by manifest.
1929 silly tarball no local data for timm@https://registry.npmjs.org/timm/-/timm-1.7.1.tgz. Extracting by manifest.
1930 silly tarball no local data for @jimp/plugin-threshold@https://registry.npmjs.org/@jimp/plugin-threshold/-/plugin-threshold-0.22.12.tgz. Extracting by manifest.
1931 silly tarball no local data for @jimp/plugin-shadow@https://registry.npmjs.org/@jimp/plugin-shadow/-/plugin-shadow-0.22.12.tgz. Extracting by manifest.
1932 silly tarball no local data for @jimp/plugin-print@https://registry.npmjs.org/@jimp/plugin-print/-/plugin-print-0.22.12.tgz. Extracting by manifest.
1933 silly tarball no local data for @jimp/plugin-normalize@https://registry.npmjs.org/@jimp/plugin-normalize/-/plugin-normalize-0.22.12.tgz. Extracting by manifest.
1934 silly tarball no local data for @jimp/plugin-mask@https://registry.npmjs.org/@jimp/plugin-mask/-/plugin-mask-0.22.12.tgz. Extracting by manifest.
1935 silly tarball no local data for @jimp/plugin-invert@https://registry.npmjs.org/@jimp/plugin-invert/-/plugin-invert-0.22.12.tgz. Extracting by manifest.
1936 silly tarball no local data for @jimp/plugin-gaussian@https://registry.npmjs.org/@jimp/plugin-gaussian/-/plugin-gaussian-0.22.12.tgz. Extracting by manifest.
1937 silly tarball no local data for @jimp/plugin-rotate@https://registry.npmjs.org/@jimp/plugin-rotate/-/plugin-rotate-0.22.12.tgz. Extracting by manifest.
1938 silly tarball no local data for @jimp/plugin-flip@https://registry.npmjs.org/@jimp/plugin-flip/-/plugin-flip-0.22.12.tgz. Extracting by manifest.
1939 silly tarball no local data for @jimp/plugin-fisheye@https://registry.npmjs.org/@jimp/plugin-fisheye/-/plugin-fisheye-0.22.12.tgz. Extracting by manifest.
1940 silly tarball no local data for @jimp/plugin-dither@https://registry.npmjs.org/@jimp/plugin-dither/-/plugin-dither-0.22.12.tgz. Extracting by manifest.
1941 silly tarball no local data for @jimp/plugin-displace@https://registry.npmjs.org/@jimp/plugin-displace/-/plugin-displace-0.22.12.tgz. Extracting by manifest.
1942 silly tarball no local data for @jimp/plugin-crop@https://registry.npmjs.org/@jimp/plugin-crop/-/plugin-crop-0.22.12.tgz. Extracting by manifest.
1943 silly tarball no local data for @jimp/plugin-cover@https://registry.npmjs.org/@jimp/plugin-cover/-/plugin-cover-0.22.12.tgz. Extracting by manifest.
1944 silly tarball no local data for @jimp/plugin-resize@https://registry.npmjs.org/@jimp/plugin-resize/-/plugin-resize-0.22.12.tgz. Extracting by manifest.
1945 silly tarball no local data for @jimp/plugin-scale@https://registry.npmjs.org/@jimp/plugin-scale/-/plugin-scale-0.22.12.tgz. Extracting by manifest.
1946 silly tarball no local data for @jimp/plugin-contain@https://registry.npmjs.org/@jimp/plugin-contain/-/plugin-contain-0.22.12.tgz. Extracting by manifest.
1947 silly tarball no local data for @jimp/plugin-color@https://registry.npmjs.org/@jimp/plugin-color/-/plugin-color-0.22.12.tgz. Extracting by manifest.
1948 silly tarball no local data for @jimp/plugin-circle@https://registry.npmjs.org/@jimp/plugin-circle/-/plugin-circle-0.22.12.tgz. Extracting by manifest.
1949 silly tarball no local data for @jimp/plugin-blur@https://registry.npmjs.org/@jimp/plugin-blur/-/plugin-blur-0.22.12.tgz. Extracting by manifest.
1950 silly tarball no local data for @jimp/plugin-blit@https://registry.npmjs.org/@jimp/plugin-blit/-/plugin-blit-0.22.12.tgz. Extracting by manifest.
1951 silly tarball no local data for tinycolor2@https://registry.npmjs.org/tinycolor2/-/tinycolor2-1.6.0.tgz. Extracting by manifest.
1952 silly tarball no local data for pixelmatch@https://registry.npmjs.org/pixelmatch/-/pixelmatch-4.0.2.tgz. Extracting by manifest.
1953 silly tarball no local data for isomorphic-fetch@https://registry.npmjs.org/isomorphic-fetch/-/isomorphic-fetch-3.0.0.tgz. Extracting by manifest.
1954 silly tarball no local data for pngjs@https://registry.npmjs.org/pngjs/-/pngjs-3.4.0.tgz. Extracting by manifest.
1955 silly tarball no local data for file-type@https://registry.npmjs.org/file-type/-/file-type-16.5.4.tgz. Extracting by manifest.
1956 silly tarball no local data for exif-parser@https://registry.npmjs.org/exif-parser/-/exif-parser-0.1.12.tgz. Extracting by manifest.
1957 silly tarball no local data for buffer@https://registry.npmjs.org/buffer/-/buffer-5.7.1.tgz. Extracting by manifest.
1958 silly tarball no local data for any-base@https://registry.npmjs.org/any-base/-/any-base-1.1.0.tgz. Extracting by manifest.
1959 silly tarball no local data for @jimp/core@https://registry.npmjs.org/@jimp/core/-/core-0.22.12.tgz. Extracting by manifest.
1960 silly tarball no local data for regenerator-runtime@https://registry.npmjs.org/regenerator-runtime/-/regenerator-runtime-0.13.11.tgz. Extracting by manifest.
1961 silly tarball no local data for @jimp/utils@https://registry.npmjs.org/@jimp/utils/-/utils-0.22.12.tgz. Extracting by manifest.
1962 silly tarball no local data for @jimp/types@https://registry.npmjs.org/@jimp/types/-/types-0.22.12.tgz. Extracting by manifest.
1963 silly tarball no local data for @jimp/plugins@https://registry.npmjs.org/@jimp/plugins/-/plugins-0.22.12.tgz. Extracting by manifest.
1964 silly tarball no local data for @jimp/custom@https://registry.npmjs.org/@jimp/custom/-/custom-0.22.12.tgz. Extracting by manifest.
1965 silly tarball no local data for escape-string-regexp@https://registry.npmjs.org/escape-string-regexp/-/escape-string-regexp-1.0.5.tgz. Extracting by manifest.
1966 silly tarball no local data for restore-cursor@https://registry.npmjs.org/restore-cursor/-/restore-cursor-3.1.0.tgz. Extracting by manifest.
1967 silly tarball no local data for type-fest@https://registry.npmjs.org/type-fest/-/type-fest-0.21.3.tgz. Extracting by manifest.
1968 silly tarball no local data for iconv-lite@https://registry.npmjs.org/iconv-lite/-/iconv-lite-0.7.3.tgz. Extracting by manifest.
1969 silly tarball no local data for chardet@https://registry.npmjs.org/chardet/-/chardet-2.2.0.tgz. Extracting by manifest.
1970 silly tarball no local data for wrap-ansi@https://registry.npmjs.org/wrap-ansi/-/wrap-ansi-6.2.0.tgz. Extracting by manifest.
1971 silly tarball no local data for through@https://registry.npmjs.org/through/-/through-2.3.8.tgz. Extracting by manifest.
1972 silly tarball no local data for run-async@https://registry.npmjs.org/run-async/-/run-async-2.4.1.tgz. Extracting by manifest.
1973 silly tarball no local data for strip-ansi@https://registry.npmjs.org/strip-ansi/-/strip-ansi-6.0.1.tgz. Extracting by manifest.
1974 silly tarball no local data for ora@https://registry.npmjs.org/ora/-/ora-5.4.1.tgz. Extracting by manifest.
1975 silly tarball no local data for mute-stream@https://registry.npmjs.org/mute-stream/-/mute-stream-0.0.8.tgz. Extracting by manifest.
1976 silly tarball no local data for figures@https://registry.npmjs.org/figures/-/figures-3.2.0.tgz. Extracting by manifest.
1977 silly tarball no local data for cli-width@https://registry.npmjs.org/cli-width/-/cli-width-3.0.0.tgz. Extracting by manifest.
1978 silly tarball no local data for cli-cursor@https://registry.npmjs.org/cli-cursor/-/cli-cursor-3.1.0.tgz. Extracting by manifest.
1979 silly tarball no local data for ansi-escapes@https://registry.npmjs.org/ansi-escapes/-/ansi-escapes-4.3.2.tgz. Extracting by manifest.
1980 silly tarball no local data for @inquirer/external-editor@https://registry.npmjs.org/@inquirer/external-editor/-/external-editor-1.0.3.tgz. Extracting by manifest.
1981 silly tarball no local data for agent-base@https://registry.npmjs.org/agent-base/-/agent-base-6.0.2.tgz. Extracting by manifest.
1982 silly tarball no local data for node-forge@https://registry.npmjs.org/node-forge/-/node-forge-1.4.0.tgz. Extracting by manifest.
1983 silly tarball no local data for google-p12-pem@https://registry.npmjs.org/google-p12-pem/-/google-p12-pem-3.1.4.tgz. Extracting by manifest.
1984 silly tarball no local data for uuid@https://registry.npmjs.org/uuid/-/uuid-8.3.2.tgz. Extracting by manifest.
1985 silly tarball no local data for url-template@https://registry.npmjs.org/url-template/-/url-template-2.0.8.tgz. Extracting by manifest.
1986 silly tarball no local data for json-bigint@https://registry.npmjs.org/json-bigint/-/json-bigint-1.0.0.tgz. Extracting by manifest.
1987 silly tarball no local data for event-target-shim@https://registry.npmjs.org/event-target-shim/-/event-target-shim-5.0.1.tgz. Extracting by manifest.
1988 silly tarball no local data for is-stream@https://registry.npmjs.org/is-stream/-/is-stream-2.0.1.tgz. Extracting by manifest.
1989 silly tarball no local data for https-proxy-agent@https://registry.npmjs.org/https-proxy-agent/-/https-proxy-agent-5.0.1.tgz. Extracting by manifest.
1990 silly tarball no local data for extend@https://registry.npmjs.org/extend/-/extend-3.0.2.tgz. Extracting by manifest.
1991 silly tarball no local data for abort-controller@https://registry.npmjs.org/abort-controller/-/abort-controller-3.0.0.tgz. Extracting by manifest.
1992 silly tarball no local data for safe-buffer@https://registry.npmjs.org/safe-buffer/-/safe-buffer-5.2.1.tgz. Extracting by manifest.
1993 silly tarball no local data for lru-cache@https://registry.npmjs.org/lru-cache/-/lru-cache-6.0.0.tgz. Extracting by manifest.
1994 silly tarball no local data for jws@https://registry.npmjs.org/jws/-/jws-4.0.1.tgz. Extracting by manifest.
1995 silly tarball no local data for gtoken@https://registry.npmjs.org/gtoken/-/gtoken-5.3.2.tgz. Extracting by manifest.
1996 silly tarball no local data for gcp-metadata@https://registry.npmjs.org/gcp-metadata/-/gcp-metadata-4.3.1.tgz. Extracting by manifest.
1997 silly tarball no local data for gaxios@https://registry.npmjs.org/gaxios/-/gaxios-4.3.3.tgz. Extracting by manifest.
1998 silly tarball no local data for fast-text-encoding@https://registry.npmjs.org/fast-text-encoding/-/fast-text-encoding-1.0.6.tgz. Extracting by manifest.
1999 silly tarball no local data for ecdsa-sig-formatter@https://registry.npmjs.org/ecdsa-sig-formatter/-/ecdsa-sig-formatter-1.0.11.tgz. Extracting by manifest.
2000 silly tarball no local data for base64-js@https://registry.npmjs.org/base64-js/-/base64-js-1.5.1.tgz. Extracting by manifest.
2001 silly tarball no local data for arrify@https://registry.npmjs.org/arrify/-/arrify-2.0.1.tgz. Extracting by manifest.
2002 silly tarball no local data for googleapis-common@https://registry.npmjs.org/googleapis-common/-/googleapis-common-5.1.0.tgz. Extracting by manifest.
2003 silly tarball no local data for google-auth-library@https://registry.npmjs.org/google-auth-library/-/google-auth-library-7.14.1.tgz. Extracting by manifest.
2004 silly tarball no local data for has-tostringtag@https://registry.npmjs.org/has-tostringtag/-/has-tostringtag-1.0.2.tgz. Extracting by manifest.
2005 silly tarball no local data for delayed-stream@https://registry.npmjs.org/delayed-stream/-/delayed-stream-1.0.0.tgz. Extracting by manifest.
2006 silly tarball no local data for es-set-tostringtag@https://registry.npmjs.org/es-set-tostringtag/-/es-set-tostringtag-2.1.0.tgz. Extracting by manifest.
2007 silly tarball no local data for combined-stream@https://registry.npmjs.org/combined-stream/-/combined-stream-1.0.8.tgz. Extracting by manifest.
2008 silly tarball no local data for asynckit@https://registry.npmjs.org/asynckit/-/asynckit-0.4.0.tgz. Extracting by manifest.
2009 silly tarball no local data for throat@https://registry.npmjs.org/throat/-/throat-5.0.0.tgz. Extracting by manifest.
2010 silly tarball no local data for tough-cookie@https://registry.npmjs.org/tough-cookie/-/tough-cookie-4.1.4.tgz. Extracting by manifest.
2011 silly tarball no local data for to-arraybuffer@https://registry.npmjs.org/to-arraybuffer/-/to-arraybuffer-1.0.1.tgz. Extracting by manifest.
2012 silly tarball no local data for through2@https://registry.npmjs.org/through2/-/through2-4.0.2.tgz. Extracting by manifest.
2013 silly tarball no local data for readable-stream@https://registry.npmjs.org/readable-stream/-/readable-stream-3.6.2.tgz. Extracting by manifest.
2014 silly tarball no local data for get-stream@https://registry.npmjs.org/get-stream/-/get-stream-6.0.1.tgz. Extracting by manifest.
2015 silly tarball no local data for callguard@https://registry.npmjs.org/callguard/-/callguard-2.0.0.tgz. Extracting by manifest.
2016 silly tarball no local data for already@https://registry.npmjs.org/already/-/already-1.13.2.tgz. Extracting by manifest.
2017 silly tarball no local data for @types/tough-cookie@https://registry.npmjs.org/@types/tough-cookie/-/tough-cookie-4.0.5.tgz. Extracting by manifest.
2018 silly tarball no local data for ms@https://registry.npmjs.org/ms/-/ms-2.0.0.tgz. Extracting by manifest.
2019 silly tarball no local data for typedarray@https://registry.npmjs.org/typedarray/-/typedarray-0.0.6.tgz. Extracting by manifest.
2020 silly tarball no local data for readable-stream@https://registry.npmjs.org/readable-stream/-/readable-stream-2.3.8.tgz. Extracting by manifest.
2021 silly tarball no local data for inherits@https://registry.npmjs.org/inherits/-/inherits-2.0.4.tgz. Extracting by manifest.
2022 silly tarball no local data for buffer-from@https://registry.npmjs.org/buffer-from/-/buffer-from-1.1.2.tgz. Extracting by manifest.
2023 silly tarball no local data for yauzl@https://registry.npmjs.org/yauzl/-/yauzl-2.10.0.tgz. Extracting by manifest.
2024 silly tarball no local data for mkdirp@https://registry.npmjs.org/mkdirp/-/mkdirp-0.5.6.tgz. Extracting by manifest.
2025 silly tarball no local data for debug@https://registry.npmjs.org/debug/-/debug-2.6.9.tgz. Extracting by manifest.
2026 silly tarball no local data for concat-stream@https://registry.npmjs.org/concat-stream/-/concat-stream-1.6.2.tgz. Extracting by manifest.
2027 silly tarball no local data for simple-swizzle@https://registry.npmjs.org/simple-swizzle/-/simple-swizzle-0.2.4.tgz. Extracting by manifest.
2028 silly tarball no local data for color-string@https://registry.npmjs.org/color-string/-/color-string-1.9.1.tgz. Extracting by manifest.
2029 silly tarball no local data for color-name@https://registry.npmjs.org/color-name/-/color-name-1.1.3.tgz. Extracting by manifest.
2030 silly tarball no local data for color-convert@https://registry.npmjs.org/color-convert/-/color-convert-1.9.3.tgz. Extracting by manifest.
2031 silly tarball no local data for string-width@https://registry.npmjs.org/string-width/-/string-width-4.2.3.tgz. Extracting by manifest.
2032 silly tarball no local data for svg-pathdata@https://registry.npmjs.org/svg-pathdata/-/svg-pathdata-6.0.3.tgz. Extracting by manifest.
2033 silly tarball no local data for stackblur-canvas@https://registry.npmjs.org/stackblur-canvas/-/stackblur-canvas-2.7.0.tgz. Extracting by manifest.
2034 silly tarball no local data for rgbcolor@https://registry.npmjs.org/rgbcolor/-/rgbcolor-1.0.1.tgz. Extracting by manifest.
2035 silly tarball no local data for raf@https://registry.npmjs.org/raf/-/raf-3.4.1.tgz. Extracting by manifest.
2036 silly tarball no local data for @types/raf@https://registry.npmjs.org/@types/raf/-/raf-3.4.3.tgz. Extracting by manifest.
2037 silly tarball no local data for form-data@https://registry.npmjs.org/form-data/-/form-data-4.0.6.tgz. Extracting by manifest.
2038 silly tarball no local data for undici-types@https://registry.npmjs.org/undici-types/-/undici-types-5.26.5.tgz. Extracting by manifest.
2039 silly tarball no local data for rxjs@https://registry.npmjs.org/rxjs/-/rxjs-7.8.2.tgz. Extracting by manifest.
2040 silly tarball no local data for @types/through@https://registry.npmjs.org/@types/through/-/through-0.0.33.tgz. Extracting by manifest.
2041 silly tarball no local data for @maxim_mazurok/gapi.client.discovery-v1@https://registry.npmjs.org/@maxim_mazurok/gapi.client.discovery-v1/-/gapi.client.discovery-v1-0.6.20200806.tgz. Extracting by manifest.
2042 silly tarball no local data for @types/gapi.client.discovery-v1@https://registry.npmjs.org/@types/gapi.client.discovery-v1/-/gapi.client.discovery-v1-0.0.4.tgz. Extracting by manifest.
2043 silly tarball no local data for @types/gapi.client@https://registry.npmjs.org/@types/gapi.client/-/gapi.client-1.0.8.tgz. Extracting by manifest.
2044 silly tarball no local data for @maxim_mazurok/gapi.client.androidpublisher-v3@https://registry.npmjs.org/@maxim_mazurok/gapi.client.androidpublisher-v3/-/gapi.client.androidpublisher-v3-0.5.20260826.tgz. Extracting by manifest.
2045 silly tarball no local data for @types/color-name@https://registry.npmjs.org/@types/color-name/-/color-name-2.0.0.tgz. Extracting by manifest.
2046 silly tarball no local data for @types/color-convert@https://registry.npmjs.org/@types/color-convert/-/color-convert-1.9.0.tgz. Extracting by manifest.
2047 silly tarball no local data for @resvg/resvg-js-android-arm64@https://registry.npmjs.org/@resvg/resvg-js-android-arm64/-/resvg-js-android-arm64-2.6.2.tgz. Extracting by manifest.
2048 silly tarball no local data for tar@https://registry.npmjs.org/tar/-/tar-7.5.22.tgz. Extracting by manifest.
2049 silly tarball no local data for yallist@https://registry.npmjs.org/yallist/-/yallist-5.0.0.tgz. Extracting by manifest.
2050 silly tarball no local data for node-fetch@https://registry.npmjs.org/node-fetch/-/node-fetch-2.7.0.tgz. Extracting by manifest.
2051 silly tarball no local data for lodash@https://registry.npmjs.org/lodash/-/lodash-4.18.1.tgz. Extracting by manifest.
2052 silly tarball no local data for jimp@https://registry.npmjs.org/jimp/-/jimp-0.22.12.tgz. Extracting by manifest.
2053 silly tarball no local data for googleapis@https://registry.npmjs.org/googleapis/-/googleapis-81.0.0.tgz. Extracting by manifest.
2054 silly tarball no local data for fetch-h2@https://registry.npmjs.org/fetch-h2/-/fetch-h2-2.5.1.tgz. Extracting by manifest.
2055 silly tarball no local data for extract-zip@https://registry.npmjs.org/extract-zip/-/extract-zip-1.7.0.tgz. Extracting by manifest.
2056 silly tarball no local data for canvg@https://registry.npmjs.org/canvg/-/canvg-4.0.3.tgz. Extracting by manifest.
2057 silly tarball no local data for @types/node-fetch@https://registry.npmjs.org/@types/node-fetch/-/node-fetch-2.6.13.tgz. Extracting by manifest.
2058 silly tarball no local data for @types/node@https://registry.npmjs.org/@types/node/-/node-18.19.130.tgz. Extracting by manifest.
2059 silly tarball no local data for @types/lodash@https://registry.npmjs.org/@types/lodash/-/lodash-4.17.25.tgz. Extracting by manifest.
2060 silly tarball no local data for @types/gapi.client.androidpublisher@https://registry.npmjs.org/@types/gapi.client.androidpublisher/-/gapi.client.androidpublisher-3.0.2.tgz. Extracting by manifest.
2061 silly tarball no local data for @types/extract-zip@https://registry.npmjs.org/@types/extract-zip/-/extract-zip-1.6.2.tgz. Extracting by manifest.
2062 silly tarball no local data for @resvg/resvg-js@https://registry.npmjs.org/@resvg/resvg-js/-/resvg-js-2.6.2.tgz. Extracting by manifest.
2063 silly tarball no local data for valid-url@https://registry.npmjs.org/valid-url/-/valid-url-1.0.9.tgz. Extracting by manifest.
2064 silly tarball no local data for semver@https://registry.npmjs.org/semver/-/semver-7.8.5.tgz. Extracting by manifest.
2065 silly tarball no local data for mime-types@https://registry.npmjs.org/mime-types/-/mime-types-2.1.35.tgz. Extracting by manifest.
2066 silly tarball no local data for inquirer@https://registry.npmjs.org/inquirer/-/inquirer-8.2.7.tgz. Extracting by manifest.
2067 silly tarball no local data for colors@https://registry.npmjs.org/colors/-/colors-1.4.0.tgz. Extracting by manifest.
2068 silly tarball no local data for color@https://registry.npmjs.org/color/-/color-3.2.1.tgz. Extracting by manifest.
2069 silly tarball no local data for cli-progress@https://registry.npmjs.org/cli-progress/-/cli-progress-3.12.0.tgz. Extracting by manifest.
2070 silly tarball no local data for @types/valid-url@https://registry.npmjs.org/@types/valid-url/-/valid-url-1.0.7.tgz. Extracting by manifest.
2071 silly tarball no local data for @types/semver@https://registry.npmjs.org/@types/semver/-/semver-7.8.0.tgz. Extracting by manifest.
2072 silly tarball no local data for @types/minimist@https://registry.npmjs.org/@types/minimist/-/minimist-1.2.5.tgz. Extracting by manifest.
2073 silly tarball no local data for @types/mime-types@https://registry.npmjs.org/@types/mime-types/-/mime-types-2.1.4.tgz. Extracting by manifest.
2074 silly tarball no local data for @types/inquirer@https://registry.npmjs.org/@types/inquirer/-/inquirer-8.2.13.tgz. Extracting by manifest.
2075 silly tarball no local data for @types/color@https://registry.npmjs.org/@types/color/-/color-3.0.7.tgz. Extracting by manifest.
2076 silly tarball no local data for @types/cli-progress@https://registry.npmjs.org/@types/cli-progress/-/cli-progress-3.11.6.tgz. Extracting by manifest.
2077 silly tarball no local data for @bubblewrap/core@https://registry.npmjs.org/@bubblewrap/core/-/core-1.25.0.tgz. Extracting by manifest.
2078 silly tarball no local data for @bubblewrap/validator@https://registry.npmjs.org/@bubblewrap/validator/-/validator-1.25.0.tgz. Extracting by manifest.
2079 silly tarball no local data for run-async@https://registry.npmjs.org/run-async/-/run-async-3.0.0.tgz. Extracting by manifest.
2080 silly tarball no local data for cli-width@https://registry.npmjs.org/cli-width/-/cli-width-4.1.0.tgz. Extracting by manifest.
2081 silly tarball no local data for inquirer@https://registry.npmjs.org/inquirer/-/inquirer-9.3.8.tgz. Extracting by manifest.
2082 silly tarball no local data for @types/inquirer@https://registry.npmjs.org/@types/inquirer/-/inquirer-9.0.10.tgz. Extracting by manifest.
2083 silly tarball no local data for mute-stream@https://registry.npmjs.org/mute-stream/-/mute-stream-1.0.0.tgz. Extracting by manifest.
2084 silly tarball no local data for xhr@https://registry.npmjs.org/xhr/-/xhr-2.6.0.tgz. Extracting by manifest.
2085 http fetch GET 200 https://registry.npmjs.org/pend/-/pend-1.2.0.tgz 2264ms (cache miss)
2086 http fetch GET 200 https://registry.npmjs.org/@inquirer/figures/-/figures-1.0.15.tgz 2273ms (cache miss)
2087 http fetch GET 200 https://registry.npmjs.org/fd-slicer/-/fd-slicer-1.1.0.tgz 2291ms (cache miss)
2088 http fetch GET 200 https://registry.npmjs.org/yoctocolors-cjs/-/yoctocolors-cjs-2.1.3.tgz 2310ms (cache miss)
2089 http fetch GET 200 https://registry.npmjs.org/querystringify/-/querystringify-2.2.0.tgz 2349ms (cache miss)
2090 http fetch GET 200 https://registry.npmjs.org/defaults/-/defaults-1.0.4.tgz 2357ms (cache miss)
2091 http fetch GET 200 https://registry.npmjs.org/clone/-/clone-1.0.4.tgz 2391ms (cache miss)
2092 http fetch GET 200 https://registry.npmjs.org/webidl-conversions/-/webidl-conversions-3.0.1.tgz 2400ms (cache miss)
2093 http fetch GET 200 https://registry.npmjs.org/events/-/events-3.3.0.tgz 2641ms (cache miss)
2094 http fetch GET 200 https://registry.npmjs.org/xmlbuilder/-/xmlbuilder-11.0.1.tgz 2669ms (cache miss)
2095 http fetch GET 200 https://registry.npmjs.org/@bubblewrap/cli/-/cli-1.25.0.tgz 2853ms (cache miss)
2096 http fetch GET 200 https://registry.npmjs.org/universalify/-/universalify-0.2.0.tgz 3280ms (cache miss)
2097 http fetch GET 200 https://registry.npmjs.org/process/-/process-0.11.10.tgz 3704ms (cache miss)
2098 http fetch GET 200 https://registry.npmjs.org/minizlib/-/minizlib-3.1.0.tgz 3691ms (cache miss)
2099 http fetch GET 200 https://registry.npmjs.org/punycode/-/punycode-2.3.1.tgz 3820ms (cache miss)
2100 http fetch GET 200 https://registry.npmjs.org/dom-walk/-/dom-walk-0.1.2.tgz 3865ms (cache miss)
2101 http fetch GET 200 https://registry.npmjs.org/sax/-/sax-1.6.1.tgz 3937ms (cache miss)
2102 http fetch GET 200 https://registry.npmjs.org/url-parse/-/url-parse-1.5.10.tgz 3962ms (cache miss)
2103 http fetch GET 200 https://registry.npmjs.org/tr46/-/tr46-0.0.3.tgz 4017ms (cache miss)
2104 http fetch GET 200 https://registry.npmjs.org/chownr/-/chownr-3.0.0.tgz 4127ms (cache miss)
2105 http fetch GET 200 https://registry.npmjs.org/is-function/-/is-function-1.0.2.tgz 4443ms (cache miss)
2106 http fetch GET 200 https://registry.npmjs.org/emoji-regex/-/emoji-regex-8.0.0.tgz 4502ms (cache miss)
2107 http fetch GET 200 https://registry.npmjs.org/ansi-regex/-/ansi-regex-5.0.1.tgz 4560ms (cache miss)
2108 http fetch GET 200 https://registry.npmjs.org/is-arrayish/-/is-arrayish-0.3.4.tgz 4556ms (cache miss)
2109 http fetch GET 200 https://registry.npmjs.org/global/-/global-4.4.0.tgz 4683ms (cache miss)
2110 http fetch GET 200 https://registry.npmjs.org/buffer-crc32/-/buffer-crc32-0.2.13.tgz 4716ms (cache miss)
2111 http fetch GET 200 https://registry.npmjs.org/mimic-fn/-/mimic-fn-2.1.0.tgz 4746ms (cache miss)
2112 http fetch GET 200 https://registry.npmjs.org/is-fullwidth-code-point/-/is-fullwidth-code-point-3.0.0.tgz 4765ms (cache miss)
2113 http fetch GET 200 https://registry.npmjs.org/parse-headers/-/parse-headers-2.0.6.tgz 4828ms (cache miss)
2114 http fetch GET 200 https://registry.npmjs.org/util-deprecate/-/util-deprecate-1.0.2.tgz 4851ms (cache miss)
2115 http fetch GET 200 https://registry.npmjs.org/psl/-/psl-1.15.0.tgz 4924ms (cache miss)
2116 http fetch GET 200 https://registry.npmjs.org/signal-exit/-/signal-exit-3.0.7.tgz 4884ms (cache miss)
2117 http fetch GET 200 https://registry.npmjs.org/isarray/-/isarray-1.0.0.tgz 4898ms (cache miss)
2118 http fetch GET 200 https://registry.npmjs.org/core-util-is/-/core-util-is-1.0.3.tgz 4905ms (cache miss)
2119 http fetch GET 200 https://registry.npmjs.org/pako/-/pako-1.0.11.tgz 4984ms (cache miss)
2120 http fetch GET 200 https://registry.npmjs.org/tslib/-/tslib-2.8.1.tgz 4937ms (cache miss)
2121 http fetch GET 200 https://registry.npmjs.org/@tokenizer/token/-/token-0.3.0.tgz 5049ms (cache miss)
2122 http fetch GET 200 https://registry.npmjs.org/process-nextick-args/-/process-nextick-args-2.0.1.tgz 5032ms (cache miss)
2123 http fetch GET 200 https://registry.npmjs.org/onetime/-/onetime-5.1.2.tgz 5045ms (cache miss)
2124 http fetch GET 200 https://registry.npmjs.org/peek-readable/-/peek-readable-4.1.0.tgz 5086ms (cache miss)
2125 http fetch GET 200 https://registry.npmjs.org/string_decoder/-/string_decoder-1.1.1.tgz 5098ms (cache miss)
2126 http fetch GET 200 https://registry.npmjs.org/min-document/-/min-document-2.19.2.tgz 5187ms (cache miss)
2127 http fetch GET 200 https://registry.npmjs.org/xml-parse-from-string/-/xml-parse-from-string-1.0.1.tgz 5110ms (cache miss)
2128 http fetch GET 200 https://registry.npmjs.org/minipass/-/minipass-7.1.3.tgz 5177ms (cache miss)
2129 http fetch GET 200 https://registry.npmjs.org/is-unicode-supported/-/is-unicode-supported-0.1.0.tgz 5116ms (cache miss)
2130 http fetch GET 200 https://registry.npmjs.org/performance-now/-/performance-now-2.1.0.tgz 5147ms (cache miss)
2131 http fetch GET 200 https://registry.npmjs.org/log-symbols/-/log-symbols-4.1.0.tgz 5144ms (cache miss)
2132 http fetch GET 200 https://registry.npmjs.org/xtend/-/xtend-4.0.2.tgz 5326ms (cache miss)
2133 http fetch GET 200 https://registry.npmjs.org/parse-bmfont-binary/-/parse-bmfont-binary-1.0.6.tgz 5336ms (cache miss)
2134 http fetch GET 200 https://registry.npmjs.org/@isaacs/fs-minipass/-/fs-minipass-4.0.1.tgz 5464ms (cache miss)
2135 http fetch GET 200 https://registry.npmjs.org/xml2js/-/xml2js-0.5.0.tgz 5414ms (cache miss)
2136 http fetch GET 200 https://registry.npmjs.org/cli-spinners/-/cli-spinners-2.9.2.tgz 5411ms (cache miss)
2137 http fetch GET 200 https://registry.npmjs.org/phin/-/phin-3.7.1.tgz 5511ms (cache miss)
2138 warn deprecated phin@3.7.1: Package no longer supported. Contact Support at https://www.npmjs.com/support for more info.
2139 http fetch GET 200 https://registry.npmjs.org/buffer-equal/-/buffer-equal-0.0.1.tgz 5619ms (cache miss)
2140 http fetch GET 200 https://registry.npmjs.org/parse-bmfont-ascii/-/parse-bmfont-ascii-1.0.6.tgz 5630ms (cache miss)
2141 http fetch GET 200 https://registry.npmjs.org/mime-db/-/mime-db-1.52.0.tgz 5674ms (cache miss)
2142 http fetch GET 200 https://registry.npmjs.org/buffer-equal-constant-time/-/buffer-equal-constant-time-1.0.1.tgz 5646ms (cache miss)
2143 http fetch GET 200 https://registry.npmjs.org/jwa/-/jwa-2.0.1.tgz 5639ms (cache miss)
2144 http fetch GET 200 https://registry.npmjs.org/centra/-/centra-2.7.0.tgz 5724ms (cache miss)
2145 http fetch GET 200 https://registry.npmjs.org/is-interactive/-/is-interactive-1.0.0.tgz 5714ms (cache miss)
2146 http fetch GET 200 https://registry.npmjs.org/readable-stream/-/readable-stream-3.6.2.tgz 5722ms (cache miss)
2147 http fetch GET 200 https://registry.npmjs.org/whatwg-fetch/-/whatwg-fetch-3.6.20.tgz 5701ms (cache miss)
2148 http fetch GET 200 https://registry.npmjs.org/whatwg-url/-/whatwg-url-5.0.0.tgz 5848ms (cache miss)
2149 http fetch GET 200 https://registry.npmjs.org/readable-web-to-node-stream/-/readable-web-to-node-stream-3.0.4.tgz 5807ms (cache miss)
2150 http fetch GET 200 https://registry.npmjs.org/parse-bmfont-xml/-/parse-bmfont-xml-1.1.6.tgz 5915ms (cache miss)
2151 http fetch GET 200 https://registry.npmjs.org/wcwidth/-/wcwidth-1.0.1.tgz 6221ms (cache miss)
2152 http fetch GET 200 https://registry.npmjs.org/yallist/-/yallist-4.0.0.tgz 6376ms (cache miss)
2153 http fetch GET 200 https://registry.npmjs.org/ieee754/-/ieee754-1.2.1.tgz 6466ms (cache miss)
2154 http fetch GET 200 https://registry.npmjs.org/bl/-/bl-4.1.0.tgz 7027ms (cache miss)
2155 http fetch GET 200 https://registry.npmjs.org/buffer/-/buffer-6.0.3.tgz 7012ms (cache miss)
2156 http fetch GET 200 https://registry.npmjs.org/token-types/-/token-types-4.2.1.tgz 7087ms (cache miss)
2157 http fetch GET 200 https://registry.npmjs.org/string_decoder/-/string_decoder-1.3.0.tgz 7356ms (cache miss)
2158 http fetch GET 200 https://registry.npmjs.org/strtok3/-/strtok3-6.3.0.tgz 8862ms (cache miss)
2159 http fetch GET 200 https://registry.npmjs.org/bmp-js/-/bmp-js-0.1.0.tgz 8772ms (cache miss)
2160 http fetch GET 200 https://registry.npmjs.org/bignumber.js/-/bignumber.js-9.3.1.tgz 8992ms (cache miss)
2161 http fetch GET 200 https://registry.npmjs.org/utif2/-/utif2-4.1.0.tgz 9052ms (cache miss)
2162 http fetch GET 200 https://registry.npmjs.org/readable-stream/-/readable-stream-4.7.0.tgz 9543ms (cache miss)
2163 http fetch GET 200 https://registry.npmjs.org/jpeg-js/-/jpeg-js-0.4.4.tgz 9476ms (cache miss)
2164 http fetch GET 200 https://registry.npmjs.org/load-bmfont/-/load-bmfont-1.4.2.tgz 9611ms (cache miss)
2165 http fetch GET 200 https://registry.npmjs.org/image-q/-/image-q-4.0.0.tgz 10004ms (cache miss)
2166 http fetch GET 200 https://registry.npmjs.org/omggif/-/omggif-1.0.10.tgz 9966ms (cache miss)
2167 http fetch GET 200 https://registry.npmjs.org/@jimp/plugin-normalize/-/plugin-normalize-0.22.12.tgz 10447ms (cache miss)
2168 http fetch GET 200 https://registry.npmjs.org/@jimp/plugin-shadow/-/plugin-shadow-0.22.12.tgz 10463ms (cache miss)
2169 http fetch GET 200 https://registry.npmjs.org/@jimp/plugin-mask/-/plugin-mask-0.22.12.tgz 10534ms (cache miss)
2170 http fetch GET 200 https://registry.npmjs.org/pngjs/-/pngjs-6.0.0.tgz 11027ms (cache miss)
2171 http fetch GET 200 https://registry.npmjs.org/@jimp/plugin-gaussian/-/plugin-gaussian-0.22.12.tgz 10928ms (cache miss)
2172 http fetch GET 200 https://registry.npmjs.org/@jimp/plugin-invert/-/plugin-invert-0.22.12.tgz 11248ms (cache miss)
2173 http fetch GET 200 https://registry.npmjs.org/@jimp/plugin-fisheye/-/plugin-fisheye-0.22.12.tgz 11434ms (cache miss)
2174 http fetch GET 200 https://registry.npmjs.org/@jimp/jpeg/-/jpeg-0.22.12.tgz 11547ms (cache miss)
2175 http fetch GET 200 https://registry.npmjs.org/@jimp/plugin-rotate/-/plugin-rotate-0.22.12.tgz 11614ms (cache miss)
2176 http fetch GET 200 https://registry.npmjs.org/@jimp/plugin-flip/-/plugin-flip-0.22.12.tgz 11822ms (cache miss)
2177 http fetch GET 200 https://registry.npmjs.org/@jimp/plugin-dither/-/plugin-dither-0.22.12.tgz 12166ms (cache miss)
2178 http fetch GET 200 https://registry.npmjs.org/@jimp/plugin-cover/-/plugin-cover-0.22.12.tgz 12422ms (cache miss)
2179 http fetch GET 200 https://registry.npmjs.org/@jimp/plugin-scale/-/plugin-scale-0.22.12.tgz 12518ms (cache miss)
2180 http fetch GET 200 https://registry.npmjs.org/@jimp/bmp/-/bmp-0.22.12.tgz 12590ms (cache miss)
2181 http fetch GET 200 https://registry.npmjs.org/@jimp/plugin-displace/-/plugin-displace-0.22.12.tgz 12562ms (cache miss)
2182 http fetch GET 200 https://registry.npmjs.org/@jimp/plugin-crop/-/plugin-crop-0.22.12.tgz 12928ms (cache miss)
2183 http fetch GET 200 https://registry.npmjs.org/@jimp/plugin-circle/-/plugin-circle-0.22.12.tgz 13054ms (cache miss)
2184 http fetch GET 200 https://registry.npmjs.org/timm/-/timm-1.7.1.tgz 13155ms (cache miss)
2185 http fetch GET 200 https://registry.npmjs.org/@types/node/-/node-16.9.1.tgz 13439ms (cache miss)
2186 http fetch GET 200 https://registry.npmjs.org/isomorphic-fetch/-/isomorphic-fetch-3.0.0.tgz 14557ms (cache miss)
2187 http fetch GET 200 https://registry.npmjs.org/@jimp/plugin-contain/-/plugin-contain-0.22.12.tgz 14580ms (cache miss)
2188 http fetch GET 200 https://registry.npmjs.org/@jimp/plugin-blur/-/plugin-blur-0.22.12.tgz 14673ms (cache miss)
2189 http fetch GET 200 https://registry.npmjs.org/tinycolor2/-/tinycolor2-1.6.0.tgz 15980ms (cache miss)
2190 http fetch GET 200 https://registry.npmjs.org/any-base/-/any-base-1.1.0.tgz 16416ms (cache miss)
2191 http fetch GET 200 https://registry.npmjs.org/buffer/-/buffer-5.7.1.tgz 16877ms (cache miss)
2192 http fetch GET 200 https://registry.npmjs.org/regenerator-runtime/-/regenerator-runtime-0.13.11.tgz 17557ms (cache miss)
2193 http fetch GET 200 https://registry.npmjs.org/file-type/-/file-type-16.5.4.tgz 17665ms (cache miss)
2194 http fetch GET 200 https://registry.npmjs.org/@jimp/utils/-/utils-0.22.12.tgz 18109ms (cache miss)
2195 http fetch GET 200 https://registry.npmjs.org/@jimp/gif/-/gif-0.22.12.tgz 18214ms (cache miss)
2196 http fetch GET 200 https://registry.npmjs.org/pngjs/-/pngjs-3.4.0.tgz 18418ms (cache miss)
2197 http fetch GET 200 https://registry.npmjs.org/@jimp/png/-/png-0.22.12.tgz 18845ms (cache miss)
2198 http fetch GET 200 https://registry.npmjs.org/@jimp/plugins/-/plugins-0.22.12.tgz 18792ms (cache miss)
2199 http fetch GET 200 https://registry.npmjs.org/@jimp/types/-/types-0.22.12.tgz 18888ms (cache miss)
2200 http fetch GET 200 https://registry.npmjs.org/restore-cursor/-/restore-cursor-3.1.0.tgz 18990ms (cache miss)
2201 http fetch GET 200 https://registry.npmjs.org/escape-string-regexp/-/escape-string-regexp-1.0.5.tgz 19179ms (cache miss)
2202 http fetch GET 200 https://registry.npmjs.org/@jimp/custom/-/custom-0.22.12.tgz 19479ms (cache miss)
2203 http fetch GET 200 https://registry.npmjs.org/wrap-ansi/-/wrap-ansi-6.2.0.tgz 19991ms (cache miss)
2204 http fetch GET 200 https://registry.npmjs.org/@jimp/core/-/core-0.22.12.tgz 20041ms (cache miss)
2205 http fetch GET 200 https://registry.npmjs.org/chardet/-/chardet-2.2.0.tgz 20058ms (cache miss)
2206 http fetch GET 200 https://registry.npmjs.org/run-async/-/run-async-2.4.1.tgz 20236ms (cache miss)
2207 http fetch GET 200 https://registry.npmjs.org/strip-ansi/-/strip-ansi-6.0.1.tgz 20235ms (cache miss)
2208 http fetch GET 200 https://registry.npmjs.org/through/-/through-2.3.8.tgz 20370ms (cache miss)
2209 http fetch GET 200 https://registry.npmjs.org/figures/-/figures-3.2.0.tgz 20537ms (cache miss)
2210 http fetch GET 200 https://registry.npmjs.org/cli-width/-/cli-width-3.0.0.tgz 20882ms (cache miss)
2211 http fetch GET 200 https://registry.npmjs.org/cli-cursor/-/cli-cursor-3.1.0.tgz 20984ms (cache miss)
2212 http fetch GET 200 https://registry.npmjs.org/@jimp/plugin-resize/-/plugin-resize-0.22.12.tgz 21215ms (cache miss)
2213 http fetch GET 200 https://registry.npmjs.org/ora/-/ora-5.4.1.tgz 21188ms (cache miss)
2214 http fetch GET 200 https://registry.npmjs.org/type-fest/-/type-fest-0.21.3.tgz 21710ms (cache miss)
2215 http fetch GET 200 https://registry.npmjs.org/@inquirer/external-editor/-/external-editor-1.0.3.tgz 21884ms (cache miss)
2216 http fetch GET 200 https://registry.npmjs.org/agent-base/-/agent-base-6.0.2.tgz 21893ms (cache miss)
2217 http fetch GET 200 https://registry.npmjs.org/@jimp/plugin-color/-/plugin-color-0.22.12.tgz 22007ms (cache miss)
2218 http fetch GET 200 https://registry.npmjs.org/mute-stream/-/mute-stream-0.0.8.tgz 22281ms (cache miss)
2219 http fetch GET 200 https://registry.npmjs.org/url-template/-/url-template-2.0.8.tgz 22794ms (cache miss)
2220 http fetch GET 200 https://registry.npmjs.org/uuid/-/uuid-8.3.2.tgz 22970ms (cache miss)
2221 warn deprecated uuid@8.3.2: uuid@10 and below is no longer supported.  For ESM codebases, update to uuid@latest.  For CommonJS codebases, use uuid@11 (but be aware this version will likely be deprecated in 2028).
2222 http fetch GET 200 https://registry.npmjs.org/json-bigint/-/json-bigint-1.0.0.tgz 23089ms (cache miss)
2223 http fetch GET 200 https://registry.npmjs.org/ansi-escapes/-/ansi-escapes-4.3.2.tgz 23134ms (cache miss)
2224 http fetch GET 200 https://registry.npmjs.org/google-p12-pem/-/google-p12-pem-3.1.4.tgz 23384ms (cache miss)
2225 warn deprecated google-p12-pem@3.1.4: Package is no longer maintained
2226 http fetch GET 200 https://registry.npmjs.org/https-proxy-agent/-/https-proxy-agent-5.0.1.tgz 23445ms (cache miss)
2227 http fetch GET 200 https://registry.npmjs.org/extend/-/extend-3.0.2.tgz 23609ms (cache miss)
2228 http fetch GET 200 https://registry.npmjs.org/event-target-shim/-/event-target-shim-5.0.1.tgz 23697ms (cache miss)
2229 http fetch GET 200 https://registry.npmjs.org/is-stream/-/is-stream-2.0.1.tgz 23743ms (cache miss)
2230 http fetch GET 200 https://registry.npmjs.org/gtoken/-/gtoken-5.3.2.tgz 24283ms (cache miss)
2231 http fetch GET 200 https://registry.npmjs.org/lru-cache/-/lru-cache-6.0.0.tgz 24431ms (cache miss)
2232 http fetch GET 200 https://registry.npmjs.org/safe-buffer/-/safe-buffer-5.2.1.tgz 24514ms (cache miss)
2233 http fetch GET 200 https://registry.npmjs.org/jws/-/jws-4.0.1.tgz 24631ms (cache miss)
2234 http fetch GET 200 https://registry.npmjs.org/abort-controller/-/abort-controller-3.0.0.tgz 24944ms (cache miss)
2235 http fetch GET 200 https://registry.npmjs.org/base64-js/-/base64-js-1.5.1.tgz 24923ms (cache miss)
2236 http fetch GET 200 https://registry.npmjs.org/fast-text-encoding/-/fast-text-encoding-1.0.6.tgz 25149ms (cache miss)
2237 http fetch GET 200 https://registry.npmjs.org/arrify/-/arrify-2.0.1.tgz 25220ms (cache miss)
2238 http fetch GET 200 https://registry.npmjs.org/ecdsa-sig-formatter/-/ecdsa-sig-formatter-1.0.11.tgz 25228ms (cache miss)
2239 http fetch GET 200 https://registry.npmjs.org/gcp-metadata/-/gcp-metadata-4.3.1.tgz 25630ms (cache miss)
2240 http fetch GET 200 https://registry.npmjs.org/has-tostringtag/-/has-tostringtag-1.0.2.tgz 25875ms (cache miss)
2241 http fetch GET 200 https://registry.npmjs.org/delayed-stream/-/delayed-stream-1.0.0.tgz 26213ms (cache miss)
2242 http fetch GET 200 https://registry.npmjs.org/es-set-tostringtag/-/es-set-tostringtag-2.1.0.tgz 26308ms (cache miss)
2243 http fetch GET 200 https://registry.npmjs.org/googleapis-common/-/googleapis-common-5.1.0.tgz 26561ms (cache miss)
2244 http fetch GET 200 https://registry.npmjs.org/gaxios/-/gaxios-4.3.3.tgz 26703ms (cache miss)
2245 http fetch GET 200 https://registry.npmjs.org/combined-stream/-/combined-stream-1.0.8.tgz 26984ms (cache miss)
2246 http fetch GET 200 https://registry.npmjs.org/throat/-/throat-5.0.0.tgz 26983ms (cache miss)
2247 http fetch GET 200 https://registry.npmjs.org/through2/-/through2-4.0.2.tgz 27668ms (cache miss)
2248 http fetch GET 200 https://registry.npmjs.org/asynckit/-/asynckit-0.4.0.tgz 27759ms (cache miss)
2249 http fetch GET 200 https://registry.npmjs.org/tough-cookie/-/tough-cookie-4.1.4.tgz 28037ms (cache miss)
2250 http fetch GET 200 https://registry.npmjs.org/to-arraybuffer/-/to-arraybuffer-1.0.1.tgz 28505ms (cache miss)
2251 http fetch GET 200 https://registry.npmjs.org/get-stream/-/get-stream-6.0.1.tgz 28635ms (cache miss)
2252 http fetch GET 200 https://registry.npmjs.org/@types/tough-cookie/-/tough-cookie-4.0.5.tgz 28806ms (cache miss)
2253 http fetch GET 200 https://registry.npmjs.org/ms/-/ms-2.0.0.tgz 28970ms (cache miss)
2254 http fetch GET 200 https://registry.npmjs.org/already/-/already-1.13.2.tgz 29005ms (cache miss)
2255 http fetch GET 200 https://registry.npmjs.org/typedarray/-/typedarray-0.0.6.tgz 29233ms (cache miss)
2256 http fetch GET 200 https://registry.npmjs.org/google-auth-library/-/google-auth-library-7.14.1.tgz 29314ms (cache miss)
2257 http fetch GET 200 https://registry.npmjs.org/buffer-from/-/buffer-from-1.1.2.tgz 29486ms (cache miss)
2258 http fetch GET 200 https://registry.npmjs.org/inherits/-/inherits-2.0.4.tgz 29785ms (cache miss)
2259 http fetch GET 200 https://registry.npmjs.org/mkdirp/-/mkdirp-0.5.6.tgz 29913ms (cache miss)
2260 http fetch GET 200 https://registry.npmjs.org/callguard/-/callguard-2.0.0.tgz 30183ms (cache miss)
2261 http fetch GET 200 https://registry.npmjs.org/yauzl/-/yauzl-2.10.0.tgz 30662ms (cache miss)
2262 http fetch GET 200 https://registry.npmjs.org/concat-stream/-/concat-stream-1.6.2.tgz 30783ms (cache miss)
2263 http fetch GET 200 https://registry.npmjs.org/readable-stream/-/readable-stream-2.3.8.tgz 30966ms (cache miss)
2264 http fetch GET 200 https://registry.npmjs.org/simple-swizzle/-/simple-swizzle-0.2.4.tgz 30979ms (cache miss)
2265 http fetch GET 200 https://registry.npmjs.org/debug/-/debug-2.6.9.tgz 31105ms (cache miss)
2266 http fetch GET 200 https://registry.npmjs.org/color-name/-/color-name-1.1.3.tgz 31222ms (cache miss)
2267 http fetch GET 200 https://registry.npmjs.org/readable-stream/-/readable-stream-3.6.2.tgz 31290ms (cache miss)
2268 http fetch GET 200 https://registry.npmjs.org/color-string/-/color-string-1.9.1.tgz 31648ms (cache miss)
2269 http fetch GET 200 https://registry.npmjs.org/rgbcolor/-/rgbcolor-1.0.1.tgz 31680ms (cache miss)
2270 http fetch GET 200 https://registry.npmjs.org/string-width/-/string-width-4.2.3.tgz 31803ms (cache miss)
2271 http fetch GET 200 https://registry.npmjs.org/color-convert/-/color-convert-1.9.3.tgz 31918ms (cache miss)
2272 http fetch GET 200 https://registry.npmjs.org/@types/raf/-/raf-3.4.3.tgz 32114ms (cache miss)
2273 http fetch GET 200 https://registry.npmjs.org/raf/-/raf-3.4.1.tgz 32552ms (cache miss)
2274 http fetch GET 200 https://registry.npmjs.org/@types/through/-/through-0.0.33.tgz 32950ms (cache miss)
2275 http fetch GET 200 https://registry.npmjs.org/svg-pathdata/-/svg-pathdata-6.0.3.tgz 33365ms (cache miss)
2276 http fetch GET 200 https://registry.npmjs.org/exif-parser/-/exif-parser-0.1.12.tgz 33703ms (cache miss)
2277 http fetch GET 200 https://registry.npmjs.org/@maxim_mazurok/gapi.client.discovery-v1/-/gapi.client.discovery-v1-0.6.20200806.tgz 33574ms (cache miss)
2278 http fetch GET 200 https://registry.npmjs.org/form-data/-/form-data-4.0.6.tgz 33628ms (cache miss)
2279 http fetch GET 200 https://registry.npmjs.org/undici-types/-/undici-types-5.26.5.tgz 33630ms (cache miss)
2280 http fetch GET 200 https://registry.npmjs.org/@types/gapi.client.discovery-v1/-/gapi.client.discovery-v1-0.0.4.tgz 33839ms (cache miss)
2281 http fetch GET 200 https://registry.npmjs.org/@types/gapi.client/-/gapi.client-1.0.8.tgz 33924ms (cache miss)
2282 http fetch GET 200 https://registry.npmjs.org/pixelmatch/-/pixelmatch-4.0.2.tgz 34241ms (cache miss)
2283 http fetch GET 200 https://registry.npmjs.org/@types/color-name/-/color-name-2.0.0.tgz 34037ms (cache miss)
2284 http fetch GET 200 https://registry.npmjs.org/stackblur-canvas/-/stackblur-canvas-2.7.0.tgz 34105ms (cache miss)
2285 http fetch GET 200 https://registry.npmjs.org/@types/color-convert/-/color-convert-1.9.0.tgz 34189ms (cache miss)
2286 http fetch GET 200 https://registry.npmjs.org/yallist/-/yallist-5.0.0.tgz 35055ms (cache miss)
2287 http fetch GET 200 https://registry.npmjs.org/node-forge/-/node-forge-1.4.0.tgz 36821ms (cache miss)
2288 http fetch GET 200 https://registry.npmjs.org/iconv-lite/-/iconv-lite-0.7.3.tgz 37260ms (cache miss)
2289 http fetch GET 200 https://registry.npmjs.org/node-fetch/-/node-fetch-2.7.0.tgz 37375ms (cache miss)
2290 http fetch GET 200 https://registry.npmjs.org/@maxim_mazurok/gapi.client.androidpublisher-v3/-/gapi.client.androidpublisher-v3-0.5.20260826.tgz 37550ms (cache miss)
2291 http fetch GET 200 https://registry.npmjs.org/extract-zip/-/extract-zip-1.7.0.tgz 37592ms (cache miss)
2292 http fetch GET 200 https://registry.npmjs.org/fetch-h2/-/fetch-h2-2.5.1.tgz 38773ms (cache miss)
2293 http fetch GET 200 https://registry.npmjs.org/@types/node-fetch/-/node-fetch-2.6.13.tgz 39336ms (cache miss)
2294 http fetch GET 200 https://registry.npmjs.org/@types/gapi.client.androidpublisher/-/gapi.client.androidpublisher-3.0.2.tgz 39742ms (cache miss)
2295 warn deprecated @types/gapi.client.androidpublisher@3.0.2: use @types/gapi.client.androidpublisher-v3 instead; see https://github.com/Maxim-Mazurok/google-api-typings-generator/issues/652 for details
2296 http fetch GET 200 https://registry.npmjs.org/@types/extract-zip/-/extract-zip-1.6.2.tgz 40184ms (cache miss)
2297 http fetch GET 200 https://registry.npmjs.org/@resvg/resvg-js/-/resvg-js-2.6.2.tgz 41807ms (cache miss)
2298 http fetch GET 200 https://registry.npmjs.org/valid-url/-/valid-url-1.0.9.tgz 42205ms (cache miss)
2299 http fetch GET 200 https://registry.npmjs.org/@jimp/plugin-threshold/-/plugin-threshold-0.22.12.tgz 43970ms (cache miss)
2300 http fetch GET 200 https://registry.npmjs.org/mime-types/-/mime-types-2.1.35.tgz 43971ms (cache miss)
2301 http fetch GET 200 https://registry.npmjs.org/semver/-/semver-7.8.5.tgz 44102ms (cache miss)
2302 http fetch GET 200 https://registry.npmjs.org/colors/-/colors-1.4.0.tgz 44823ms (cache miss)
2303 http fetch GET 200 https://registry.npmjs.org/color/-/color-3.2.1.tgz 45211ms (cache miss)
2304 http fetch GET 200 https://registry.npmjs.org/@types/lodash/-/lodash-4.17.25.tgz 45302ms (cache miss)
2305 http fetch GET 200 https://registry.npmjs.org/@types/valid-url/-/valid-url-1.0.7.tgz 45697ms (cache miss)
2306 http fetch GET 200 https://registry.npmjs.org/cli-progress/-/cli-progress-3.12.0.tgz 45872ms (cache miss)
2307 http fetch GET 200 https://registry.npmjs.org/inquirer/-/inquirer-8.2.7.tgz 45915ms (cache miss)
2308 http fetch GET 200 https://registry.npmjs.org/@types/mime-types/-/mime-types-2.1.4.tgz 46165ms (cache miss)
2309 http fetch GET 200 https://registry.npmjs.org/@types/minimist/-/minimist-1.2.5.tgz 46491ms (cache miss)
2310 http fetch GET 200 https://registry.npmjs.org/@types/semver/-/semver-7.8.0.tgz 46947ms (cache miss)
2311 http fetch GET 200 https://registry.npmjs.org/@types/inquirer/-/inquirer-8.2.13.tgz 47206ms (cache miss)
2312 http fetch GET 200 https://registry.npmjs.org/@types/cli-progress/-/cli-progress-3.11.6.tgz 47531ms (cache miss)
2313 http fetch GET 200 https://registry.npmjs.org/@types/color/-/color-3.0.7.tgz 47613ms (cache miss)
2314 http fetch GET 200 https://registry.npmjs.org/run-async/-/run-async-3.0.0.tgz 47919ms (cache miss)
2315 http fetch GET 200 https://registry.npmjs.org/cli-width/-/cli-width-4.1.0.tgz 48528ms (cache miss)
2316 http fetch GET 200 https://registry.npmjs.org/@jimp/plugin-print/-/plugin-print-0.22.12.tgz 49166ms (cache miss)
2317 http fetch GET 200 https://registry.npmjs.org/@bubblewrap/validator/-/validator-1.25.0.tgz 49766ms (cache miss)
2318 http fetch GET 200 https://registry.npmjs.org/inquirer/-/inquirer-9.3.8.tgz 49821ms (cache miss)
2319 http fetch GET 200 https://registry.npmjs.org/mute-stream/-/mute-stream-1.0.0.tgz 50138ms (cache miss)
2320 http fetch GET 200 https://registry.npmjs.org/@types/inquirer/-/inquirer-9.0.10.tgz 50410ms (cache miss)
2321 http fetch GET 200 https://registry.npmjs.org/xhr/-/xhr-2.6.0.tgz 50642ms (cache miss)
2322 http fetch GET 200 https://registry.npmjs.org/@bubblewrap/core/-/core-1.25.0.tgz 55232ms (cache miss)
2323 http fetch GET 200 https://registry.npmjs.org/@types/node/-/node-18.19.130.tgz 58271ms (cache miss)
2324 http fetch GET 200 https://registry.npmjs.org/lodash/-/lodash-4.18.1.tgz 58540ms (cache miss)
2325 http fetch GET 200 https://registry.npmjs.org/canvg/-/canvg-4.0.3.tgz 58596ms (cache miss)
2326 http fetch GET 200 https://registry.npmjs.org/tar/-/tar-7.5.22.tgz 58848ms (cache miss)
2327 http fetch GET 200 https://registry.npmjs.org/@jimp/plugin-blit/-/plugin-blit-0.22.12.tgz 70436ms (cache miss)
2328 http fetch GET 200 https://registry.npmjs.org/@resvg/resvg-js-android-arm64/-/resvg-js-android-arm64-2.6.2.tgz 80812ms (cache miss)
2329 http fetch GET 200 https://registry.npmjs.org/rxjs/-/rxjs-7.8.2.tgz 82114ms (cache miss)
2330 http fetch GET 200 https://registry.npmjs.org/@jimp/tiff/-/tiff-0.22.12.tgz 93582ms (cache miss)
2331 http fetch GET 200 https://registry.npmjs.org/jimp/-/jimp-0.22.12.tgz 108442ms (cache miss)
2332 http fetch GET 200 https://registry.npmjs.org/googleapis/-/googleapis-81.0.0.tgz 113798ms (cache miss)
2333 http fetch GET 200 https://registry.npmjs.org/gifwrap/-/gifwrap-0.10.1.tgz 128733ms (cache miss)
2334 silly ADD node_modules/@bubblewrap/cli
2335 silly ADD node_modules/@bubblewrap/cli/node_modules/events
2336 silly ADD node_modules/@bubblewrap/cli/node_modules/yoctocolors-cjs
2337 silly ADD node_modules/@bubblewrap/cli/node_modules/@inquirer/figures
2338 silly ADD node_modules/@bubblewrap/cli/node_modules/pend
2339 silly ADD node_modules/@bubblewrap/cli/node_modules/fd-slicer
2340 silly ADD node_modules/@bubblewrap/cli/node_modules/buffer-crc32
2341 silly ADD node_modules/@bubblewrap/cli/node_modules/xmlbuilder
2342 silly ADD node_modules/@bubblewrap/cli/node_modules/sax
2343 silly ADD node_modules/@bubblewrap/cli/node_modules/dom-walk
2344 silly ADD node_modules/@bubblewrap/cli/node_modules/process
2345 silly ADD node_modules/@bubblewrap/cli/node_modules/min-document
2346 silly ADD node_modules/@bubblewrap/cli/node_modules/parse-headers
2347 silly ADD node_modules/@bubblewrap/cli/node_modules/is-function
2348 silly ADD node_modules/@bubblewrap/cli/node_modules/global
2349 silly ADD node_modules/@bubblewrap/cli/node_modules/webidl-conversions
2350 silly ADD node_modules/@bubblewrap/cli/node_modules/tr46
2351 silly ADD node_modules/@bubblewrap/cli/node_modules/clone
2352 silly ADD node_modules/@bubblewrap/cli/node_modules/defaults
2353 silly ADD node_modules/@bubblewrap/cli/node_modules/pako
2354 silly ADD node_modules/@bubblewrap/cli/node_modules/requires-port
2355 silly ADD node_modules/@bubblewrap/cli/node_modules/querystringify
2356 silly ADD node_modules/@bubblewrap/cli/node_modules/url-parse
2357 silly ADD node_modules/@bubblewrap/cli/node_modules/universalify
2358 silly ADD node_modules/@bubblewrap/cli/node_modules/punycode
2359 silly ADD node_modules/@bubblewrap/cli/node_modules/psl
2360 silly ADD node_modules/@bubblewrap/cli/node_modules/minizlib
2361 silly ADD node_modules/@bubblewrap/cli/node_modules/minipass
2362 silly ADD node_modules/@bubblewrap/cli/node_modules/chownr
2363 silly ADD node_modules/@bubblewrap/cli/node_modules/@isaacs/fs-minipass
2364 silly ADD node_modules/@bubblewrap/cli/node_modules/has-flag
2365 silly ADD node_modules/@bubblewrap/cli/node_modules/peek-readable
2366 silly ADD node_modules/@bubblewrap/cli/node_modules/@tokenizer/token
2367 silly ADD node_modules/@bubblewrap/cli/node_modules/ansi-regex
2368 silly ADD node_modules/@bubblewrap/cli/node_modules/is-fullwidth-code-point
2369 silly ADD node_modules/@bubblewrap/cli/node_modules/emoji-regex
2370 silly ADD node_modules/@bubblewrap/cli/node_modules/is-arrayish
2371 silly ADD node_modules/@bubblewrap/cli/node_modules/call-bound
2372 silly ADD node_modules/@bubblewrap/cli/node_modules/side-channel-weakmap
2373 silly ADD node_modules/@bubblewrap/cli/node_modules/side-channel-map
2374 silly ADD node_modules/@bubblewrap/cli/node_modules/side-channel-list
2375 silly ADD node_modules/@bubblewrap/cli/node_modules/object-inspect
2376 silly ADD node_modules/@bubblewrap/cli/node_modules/tslib
2377 silly ADD node_modules/@bubblewrap/cli/node_modules/mimic-fn
2378 silly ADD node_modules/@bubblewrap/cli/node_modules/signal-exit
2379 silly ADD node_modules/@bubblewrap/cli/node_modules/onetime
2380 silly ADD node_modules/@bubblewrap/cli/node_modules/util-deprecate
2381 silly ADD node_modules/@bubblewrap/cli/node_modules/string_decoder
2382 silly ADD node_modules/@bubblewrap/cli/node_modules/string_decoder/node_modules/safe-buffer
2383 silly ADD node_modules/@bubblewrap/cli/node_modules/process-nextick-args
2384 silly ADD node_modules/@bubblewrap/cli/node_modules/isarray
2385 silly ADD node_modules/@bubblewrap/cli/node_modules/core-util-is
2386 silly ADD node_modules/@bubblewrap/cli/node_modules/performance-now
2387 silly ADD node_modules/@bubblewrap/cli/node_modules/side-channel
2388 silly ADD node_modules/@bubblewrap/cli/node_modules/follow-redirects
2389 silly ADD node_modules/@bubblewrap/cli/node_modules/centra
2390 silly ADD node_modules/@bubblewrap/cli/node_modules/xml2js
2391 silly ADD node_modules/@bubblewrap/cli/node_modules/xml-parse-from-string
2392 silly ADD node_modules/@bubblewrap/cli/node_modules/wcwidth
2393 silly ADD node_modules/@bubblewrap/cli/node_modules/log-symbols
2394 silly ADD node_modules/@bubblewrap/cli/node_modules/is-unicode-supported
2395 silly ADD node_modules/@bubblewrap/cli/node_modules/is-interactive
2396 silly ADD node_modules/@bubblewrap/cli/node_modules/cli-spinners
2397 silly ADD node_modules/@bubblewrap/cli/node_modules/bl
2398 silly ADD node_modules/@bubblewrap/cli/node_modules/bl/node_modules/readable-stream
2399 silly ADD node_modules/@bubblewrap/cli/node_modules/whatwg-url
2400 silly ADD node_modules/@bubblewrap/cli/node_modules/mime-db
2401 silly ADD node_modules/@bubblewrap/cli/node_modules/yallist
2402 silly ADD node_modules/@bubblewrap/cli/node_modules/xtend
2403 silly ADD node_modules/@bubblewrap/cli/node_modules/xhr
2404 silly ADD node_modules/@bubblewrap/cli/node_modules/phin
2405 silly ADD node_modules/@bubblewrap/cli/node_modules/parse-bmfont-xml
2406 silly ADD node_modules/@bubblewrap/cli/node_modules/parse-bmfont-binary
2407 silly ADD node_modules/@bubblewrap/cli/node_modules/parse-bmfont-ascii
2408 silly ADD node_modules/@bubblewrap/cli/node_modules/mime
2409 silly ADD node_modules/@bubblewrap/cli/node_modules/buffer-equal
2410 silly ADD node_modules/@bubblewrap/cli/node_modules/buffer-equal-constant-time
2411 silly ADD node_modules/@bubblewrap/cli/node_modules/jwa
2412 silly ADD node_modules/@bubblewrap/cli/node_modules/bignumber.js
2413 silly ADD node_modules/@bubblewrap/cli/node_modules/whatwg-fetch
2414 silly ADD node_modules/@bubblewrap/cli/node_modules/image-q
2415 silly ADD node_modules/@bubblewrap/cli/node_modules/image-q/node_modules/@types/node
2416 silly ADD node_modules/@bubblewrap/cli/node_modules/token-types
2417 silly ADD node_modules/@bubblewrap/cli/node_modules/strtok3
2418 silly ADD node_modules/@bubblewrap/cli/node_modules/readable-web-to-node-stream
2419 silly ADD node_modules/@bubblewrap/cli/node_modules/readable-web-to-node-stream/node_modules/string_decoder
2420 silly ADD node_modules/@bubblewrap/cli/node_modules/readable-web-to-node-stream/node_modules/buffer
2421 silly ADD node_modules/@bubblewrap/cli/node_modules/readable-web-to-node-stream/node_modules/readable-stream
2422 silly ADD node_modules/@bubblewrap/cli/node_modules/ieee754
2423 silly ADD node_modules/@bubblewrap/cli/node_modules/utif2
2424 silly ADD node_modules/@bubblewrap/cli/node_modules/pngjs
2425 silly ADD node_modules/@bubblewrap/cli/node_modules/jpeg-js
2426 silly ADD node_modules/@bubblewrap/cli/node_modules/omggif
2427 silly ADD node_modules/@bubblewrap/cli/node_modules/gifwrap
2428 silly ADD node_modules/@bubblewrap/cli/node_modules/bmp-js
2429 silly ADD node_modules/@bubblewrap/cli/node_modules/@jimp/tiff
2430 silly ADD node_modules/@bubblewrap/cli/node_modules/@jimp/png
2431 silly ADD node_modules/@bubblewrap/cli/node_modules/@jimp/jpeg
2432 silly ADD node_modules/@bubblewrap/cli/node_modules/@jimp/gif
2433 silly ADD node_modules/@bubblewrap/cli/node_modules/@jimp/bmp
2434 silly ADD node_modules/@bubblewrap/cli/node_modules/load-bmfont
2435 silly ADD node_modules/@bubblewrap/cli/node_modules/timm
2436 silly ADD node_modules/@bubblewrap/cli/node_modules/@jimp/plugin-threshold
2437 silly ADD node_modules/@bubblewrap/cli/node_modules/@jimp/plugin-shadow
2438 silly ADD node_modules/@bubblewrap/cli/node_modules/@jimp/plugin-print
2439 silly ADD node_modules/@bubblewrap/cli/node_modules/@jimp/plugin-normalize
2440 silly ADD node_modules/@bubblewrap/cli/node_modules/@jimp/plugin-mask
2441 silly ADD node_modules/@bubblewrap/cli/node_modules/@jimp/plugin-invert
2442 silly ADD node_modules/@bubblewrap/cli/node_modules/@jimp/plugin-gaussian
2443 silly ADD node_modules/@bubblewrap/cli/node_modules/@jimp/plugin-rotate
2444 silly ADD node_modules/@bubblewrap/cli/node_modules/@jimp/plugin-flip
2445 silly ADD node_modules/@bubblewrap/cli/node_modules/@jimp/plugin-fisheye
2446 silly ADD node_modules/@bubblewrap/cli/node_modules/@jimp/plugin-dither
2447 silly ADD node_modules/@bubblewrap/cli/node_modules/@jimp/plugin-displace
2448 silly ADD node_modules/@bubblewrap/cli/node_modules/@jimp/plugin-crop
2449 silly ADD node_modules/@bubblewrap/cli/node_modules/@jimp/plugin-cover
2450 silly ADD node_modules/@bubblewrap/cli/node_modules/@jimp/plugin-resize
2451 silly ADD node_modules/@bubblewrap/cli/node_modules/@jimp/plugin-scale
2452 silly ADD node_modules/@bubblewrap/cli/node_modules/@jimp/plugin-contain
2453 silly ADD node_modules/@bubblewrap/cli/node_modules/@jimp/plugin-color
2454 silly ADD node_modules/@bubblewrap/cli/node_modules/@jimp/plugin-circle
2455 silly ADD node_modules/@bubblewrap/cli/node_modules/@jimp/plugin-blur
2456 silly ADD node_modules/@bubblewrap/cli/node_modules/@jimp/plugin-blit
2457 silly ADD node_modules/@bubblewrap/cli/node_modules/tinycolor2
2458 silly ADD node_modules/@bubblewrap/cli/node_modules/pixelmatch
2459 silly ADD node_modules/@bubblewrap/cli/node_modules/pixelmatch/node_modules/pngjs
2460 silly ADD node_modules/@bubblewrap/cli/node_modules/isomorphic-fetch
2461 silly ADD node_modules/@bubblewrap/cli/node_modules/file-type
2462 silly ADD node_modules/@bubblewrap/cli/node_modules/exif-parser
2463 silly ADD node_modules/@bubblewrap/cli/node_modules/buffer
2464 silly ADD node_modules/@bubblewrap/cli/node_modules/any-base
2465 silly ADD node_modules/@bubblewrap/cli/node_modules/@jimp/utils
2466 silly ADD node_modules/@bubblewrap/cli/node_modules/@jimp/core
2467 silly ADD node_modules/@bubblewrap/cli/node_modules/regenerator-runtime
2468 silly ADD node_modules/@bubblewrap/cli/node_modules/@jimp/types
2469 silly ADD node_modules/@bubblewrap/cli/node_modules/@jimp/plugins
2470 silly ADD node_modules/@bubblewrap/cli/node_modules/@jimp/custom
2471 silly ADD node_modules/@bubblewrap/cli/node_modules/safer-buffer
2472 silly ADD node_modules/@bubblewrap/cli/node_modules/escape-string-regexp
2473 silly ADD node_modules/@bubblewrap/cli/node_modules/restore-cursor
2474 silly ADD node_modules/@bubblewrap/cli/node_modules/supports-color
2475 silly ADD node_modules/@bubblewrap/cli/node_modules/ansi-styles
2476 silly ADD node_modules/@bubblewrap/cli/node_modules/ansi-styles/node_modules/color-name
2477 silly ADD node_modules/@bubblewrap/cli/node_modules/ansi-styles/node_modules/color-convert
2478 silly ADD node_modules/@bubblewrap/cli/node_modules/type-fest
2479 silly ADD node_modules/@bubblewrap/cli/node_modules/iconv-lite
2480 silly ADD node_modules/@bubblewrap/cli/node_modules/chardet
2481 silly ADD node_modules/@bubblewrap/cli/node_modules/wrap-ansi
2482 silly ADD node_modules/@bubblewrap/cli/node_modules/through
2483 silly ADD node_modules/@bubblewrap/cli/node_modules/strip-ansi
2484 silly ADD node_modules/@bubblewrap/cli/node_modules/run-async
2485 silly ADD node_modules/@bubblewrap/cli/node_modules/ora
2486 silly ADD node_modules/@bubblewrap/cli/node_modules/mute-stream
2487 silly ADD node_modules/@bubblewrap/cli/node_modules/figures
2488 silly ADD node_modules/@bubblewrap/cli/node_modules/cli-width
2489 silly ADD node_modules/@bubblewrap/cli/node_modules/cli-cursor
2490 silly ADD node_modules/@bubblewrap/cli/node_modules/chalk
2491 silly ADD node_modules/@bubblewrap/cli/node_modules/ansi-escapes
2492 silly ADD node_modules/@bubblewrap/cli/node_modules/@inquirer/external-editor
2493 silly ADD node_modules/@bubblewrap/cli/node_modules/agent-base
2494 silly ADD node_modules/@bubblewrap/cli/node_modules/agent-base/node_modules/ms
2495 silly ADD node_modules/@bubblewrap/cli/node_modules/agent-base/node_modules/debug
2496 silly ADD node_modules/@bubblewrap/cli/node_modules/node-forge
2497 silly ADD node_modules/@bubblewrap/cli/node_modules/google-p12-pem
2498 silly ADD node_modules/@bubblewrap/cli/node_modules/uuid
2499 silly ADD node_modules/@bubblewrap/cli/node_modules/url-template
2500 silly ADD node_modules/@bubblewrap/cli/node_modules/qs
2501 silly ADD node_modules/@bubblewrap/cli/node_modules/json-bigint
2502 silly ADD node_modules/@bubblewrap/cli/node_modules/event-target-shim
2503 silly ADD node_modules/@bubblewrap/cli/node_modules/is-stream
2504 silly ADD node_modules/@bubblewrap/cli/node_modules/https-proxy-agent
2505 silly ADD node_modules/@bubblewrap/cli/node_modules/https-proxy-agent/node_modules/ms
2506 silly ADD node_modules/@bubblewrap/cli/node_modules/https-proxy-agent/node_modules/debug
2507 silly ADD node_modules/@bubblewrap/cli/node_modules/extend
2508 silly ADD node_modules/@bubblewrap/cli/node_modules/abort-controller
2509 silly ADD node_modules/@bubblewrap/cli/node_modules/safe-buffer
2510 silly ADD node_modules/@bubblewrap/cli/node_modules/lru-cache
2511 silly ADD node_modules/@bubblewrap/cli/node_modules/jws
2512 silly ADD node_modules/@bubblewrap/cli/node_modules/gtoken
2513 silly ADD node_modules/@bubblewrap/cli/node_modules/gcp-metadata
2514 silly ADD node_modules/@bubblewrap/cli/node_modules/gaxios
2515 silly ADD node_modules/@bubblewrap/cli/node_modules/fast-text-encoding
2516 silly ADD node_modules/@bubblewrap/cli/node_modules/ecdsa-sig-formatter
2517 silly ADD node_modules/@bubblewrap/cli/node_modules/base64-js
2518 silly ADD node_modules/@bubblewrap/cli/node_modules/arrify
2519 silly ADD node_modules/@bubblewrap/cli/node_modules/googleapis-common
2520 silly ADD node_modules/@bubblewrap/cli/node_modules/google-auth-library
2521 silly ADD node_modules/@bubblewrap/cli/node_modules/dunder-proto
2522 silly ADD node_modules/@bubblewrap/cli/node_modules/math-intrinsics
2523 silly ADD node_modules/@bubblewrap/cli/node_modules/has-symbols
2524 silly ADD node_modules/@bubblewrap/cli/node_modules/gopd
2525 silly ADD node_modules/@bubblewrap/cli/node_modules/get-proto
2526 silly ADD node_modules/@bubblewrap/cli/node_modules/function-bind
2527 silly ADD node_modules/@bubblewrap/cli/node_modules/es-object-atoms
2528 silly ADD node_modules/@bubblewrap/cli/node_modules/es-define-property
2529 silly ADD node_modules/@bubblewrap/cli/node_modules/call-bind-apply-helpers
2530 silly ADD node_modules/@bubblewrap/cli/node_modules/has-tostringtag
2531 silly ADD node_modules/@bubblewrap/cli/node_modules/get-intrinsic
2532 silly ADD node_modules/@bubblewrap/cli/node_modules/es-errors
2533 silly ADD node_modules/@bubblewrap/cli/node_modules/delayed-stream
2534 silly ADD node_modules/@bubblewrap/cli/node_modules/hasown
2535 silly ADD node_modules/@bubblewrap/cli/node_modules/es-set-tostringtag
2536 silly ADD node_modules/@bubblewrap/cli/node_modules/combined-stream
2537 silly ADD node_modules/@bubblewrap/cli/node_modules/asynckit
2538 silly ADD node_modules/@bubblewrap/cli/node_modules/throat
2539 silly ADD node_modules/@bubblewrap/cli/node_modules/tough-cookie
2540 silly ADD node_modules/@bubblewrap/cli/node_modules/to-arraybuffer
2541 silly ADD node_modules/@bubblewrap/cli/node_modules/through2
2542 silly ADD node_modules/@bubblewrap/cli/node_modules/through2/node_modules/readable-stream
2543 silly ADD node_modules/@bubblewrap/cli/node_modules/get-stream
2544 silly ADD node_modules/@bubblewrap/cli/node_modules/callguard
2545 silly ADD node_modules/@bubblewrap/cli/node_modules/already
2546 silly ADD node_modules/@bubblewrap/cli/node_modules/@types/tough-cookie
2547 silly ADD node_modules/@bubblewrap/cli/node_modules/ms
2548 silly ADD node_modules/@bubblewrap/cli/node_modules/typedarray
2549 silly ADD node_modules/@bubblewrap/cli/node_modules/readable-stream
2550 silly ADD node_modules/@bubblewrap/cli/node_modules/readable-stream/node_modules/safe-buffer
2551 silly ADD node_modules/@bubblewrap/cli/node_modules/inherits
2552 silly ADD node_modules/@bubblewrap/cli/node_modules/buffer-from
2553 silly ADD node_modules/@bubblewrap/cli/node_modules/yauzl
2554 silly ADD node_modules/@bubblewrap/cli/node_modules/mkdirp
2555 silly ADD node_modules/@bubblewrap/cli/node_modules/debug
2556 silly ADD node_modules/@bubblewrap/cli/node_modules/concat-stream
2557 silly ADD node_modules/@bubblewrap/cli/node_modules/simple-swizzle
2558 silly ADD node_modules/@bubblewrap/cli/node_modules/color-name
2559 silly ADD node_modules/@bubblewrap/cli/node_modules/color-string
2560 silly ADD node_modules/@bubblewrap/cli/node_modules/color-convert
2561 silly ADD node_modules/@bubblewrap/cli/node_modules/string-width
2562 silly ADD node_modules/@bubblewrap/cli/node_modules/svg-pathdata
2563 silly ADD node_modules/@bubblewrap/cli/node_modules/stackblur-canvas
2564 silly ADD node_modules/@bubblewrap/cli/node_modules/rgbcolor
2565 silly ADD node_modules/@bubblewrap/cli/node_modules/raf
2566 silly ADD node_modules/@bubblewrap/cli/node_modules/@types/raf
2567 silly ADD node_modules/@bubblewrap/cli/node_modules/form-data
2568 silly ADD node_modules/@bubblewrap/cli/node_modules/undici-types
2569 silly ADD node_modules/@bubblewrap/cli/node_modules/rxjs
2570 silly ADD node_modules/@bubblewrap/cli/node_modules/@types/through
2571 silly ADD node_modules/@bubblewrap/cli/node_modules/@maxim_mazurok/gapi.client.discovery-v1
2572 silly ADD node_modules/@bubblewrap/cli/node_modules/@types/gapi.client.discovery-v1
2573 silly ADD node_modules/@bubblewrap/cli/node_modules/@types/gapi.client
2574 silly ADD node_modules/@bubblewrap/cli/node_modules/@maxim_mazurok/gapi.client.androidpublisher-v3
2575 silly ADD node_modules/@bubblewrap/cli/node_modules/@types/color-name
2576 silly ADD node_modules/@bubblewrap/cli/node_modules/@types/color-convert
2577 silly ADD node_modules/@bubblewrap/cli/node_modules/@resvg/resvg-js-android-arm64
2578 silly ADD node_modules/@bubblewrap/cli/node_modules/tar
2579 silly ADD node_modules/@bubblewrap/cli/node_modules/tar/node_modules/yallist
2580 silly ADD node_modules/@bubblewrap/cli/node_modules/node-fetch
2581 silly ADD node_modules/@bubblewrap/cli/node_modules/lodash
2582 silly ADD node_modules/@bubblewrap/cli/node_modules/jimp
2583 silly ADD node_modules/@bubblewrap/cli/node_modules/googleapis
2584 silly ADD node_modules/@bubblewrap/cli/node_modules/fetch-h2
2585 silly ADD node_modules/@bubblewrap/cli/node_modules/extract-zip
2586 silly ADD node_modules/@bubblewrap/cli/node_modules/canvg
2587 silly ADD node_modules/@bubblewrap/cli/node_modules/@types/node-fetch
2588 silly ADD node_modules/@bubblewrap/cli/node_modules/@types/node
2589 silly ADD node_modules/@bubblewrap/cli/node_modules/@types/lodash
2590 silly ADD node_modules/@bubblewrap/cli/node_modules/@types/gapi.client.androidpublisher
2591 silly ADD node_modules/@bubblewrap/cli/node_modules/@types/extract-zip
2592 silly ADD node_modules/@bubblewrap/cli/node_modules/@resvg/resvg-js
2593 silly ADD node_modules/@bubblewrap/cli/node_modules/valid-url
2594 silly ADD node_modules/@bubblewrap/cli/node_modules/semver
2595 silly ADD node_modules/@bubblewrap/cli/node_modules/minimist
2596 silly ADD node_modules/@bubblewrap/cli/node_modules/mime-types
2597 silly ADD node_modules/@bubblewrap/cli/node_modules/inquirer
2598 silly ADD node_modules/@bubblewrap/cli/node_modules/colors
2599 silly ADD node_modules/@bubblewrap/cli/node_modules/color
2600 silly ADD node_modules/@bubblewrap/cli/node_modules/cli-progress
2601 silly ADD node_modules/@bubblewrap/cli/node_modules/@types/valid-url
2602 silly ADD node_modules/@bubblewrap/cli/node_modules/@types/semver
2603 silly ADD node_modules/@bubblewrap/cli/node_modules/@types/minimist
2604 silly ADD node_modules/@bubblewrap/cli/node_modules/@types/mime-types
2605 silly ADD node_modules/@bubblewrap/cli/node_modules/@types/inquirer
2606 silly ADD node_modules/@bubblewrap/cli/node_modules/@types/color
2607 silly ADD node_modules/@bubblewrap/cli/node_modules/@types/cli-progress
2608 silly ADD node_modules/@bubblewrap/cli/node_modules/@bubblewrap/validator
2609 silly ADD node_modules/@bubblewrap/cli/node_modules/@bubblewrap/core
2610 silly ADD node_modules/@bubblewrap/cli/node_modules/@bubblewrap/core/node_modules/run-async
2611 silly ADD node_modules/@bubblewrap/cli/node_modules/@bubblewrap/core/node_modules/mute-stream
2612 silly ADD node_modules/@bubblewrap/cli/node_modules/@bubblewrap/core/node_modules/cli-width
2613 silly ADD node_modules/@bubblewrap/cli/node_modules/@bubblewrap/core/node_modules/inquirer
2614 silly ADD node_modules/@bubblewrap/cli/node_modules/@bubblewrap/core/node_modules/@types/inquirer
2615 verbose cwd /data/data/com.termux/files/home
2616 verbose os Linux 6.6.92-android15-8-abA145RXXSEDZE4-4k
2617 verbose node v26.3.1
2618 verbose npm  v11.17.0
2619 verbose exit 0
2620 info ok
